type_of_violence,year,longitude,latitude
3,2001,45.6982,43.318
3,2000,45.4743,43.1607
1,2003,45.7477,43.3058
1,2008,45.3586,43.0952
1,2008,44.702,43.3476
1,2008,44.6971,43.3488
1,2008,44.9843,43.0808
1,2008,47.9588,41.7405
1,2008,45.6982,43.318
1,2008,47.6269,42.8496
1,2008,45.7477,43.3058
1,2008,45.6213,43.1609
1,2008,38.9424,44.9892
1,2008,46.1134,42.9595
1,2008,45.3014,43.2911
1,2008,47.613,42.708
1,2008,44.8887,43.1933
1,2008,44.8203,43.4052
1,2008,47.613,42.708
1,2008,45.6982,43.318
1,2008,47.6089,42.4959
1,2008,46.5851,43.2505
1,2008,45.6982,43.318
1,2008,45.4801,43.1217
1,2008,44.5902,43.5096
1,2008,47.613,42.708
1,2008,47.5046,42.9849
1,2008,47.5046,42.9849
1,2008,45.4801,43.1217
1,2008,43.8396,43.468
1,2008,45.7477,43.3058
1,2008,44.7646,43.2275
1,2008,37.7528,45.0131
1,2008,47.6269,42.8496
1,2008,45.6982,43.318
1,2008,46.5851,43.2505
1,2008,47.5046,42.9849
1,2008,45.8263,43.2953
1,2008,47.5046,42.9849
1,2008,47.5046,42.9849
1,2008,45.3032,43.395
1,2008,47.5046,42.9849
1,2008,44.7646,43.2275
1,2008,45.4801,43.1217
1,2008,45.6982,43.318
1,2008,43.535,43.6819
1,2009,45.6982,43.318
1,2008,45.0131,42.9801
1,2008,45.6213,43.1609
1,2008,47.5046,42.9849
1,2009,44.9094,43.3056
1,2009,44.5902,43.5096
1,2009,45.7415,43.123
1,2009,46.3108,42.9809
1,2009,45.0477,43.3204
1,2009,46.7276,43.2962
1,2009,45.201,43.1627
1,2009,30.3152,59.9257
1,2009,45.912594,43.157803
1,2009,44.7646,43.2275
1,2009,45.0893,43.1371
1,2009,44.746127,43.187861
1,2009,44.7646,43.2275
1,2009,44.7646,43.2275
1,2009,38.9501,45.5037
1,2009,44.7646,43.2275
1,2009,44.7646,43.2275
1,2009,45.6982,43.318
1,2009,47.0886,42.7347
1,2009,47.7534,42.4843
1,2009,46.2423,42.9682
1,2009,47.655,42.3741
1,2009,44.7646,43.2275
1,2009,47.5046,42.9849
1,2009,44.8203,43.4052
1,2009,47.5046,42.9849
1,2009,45.5406,43.1276
1,2009,47.5046,42.9849
1,2009,47.5046,42.9849
1,2009,47.655,42.3741
1,2009,45.1003,43.0309
1,2009,45.0477,43.3204
1,2009,47.5046,42.9849
1,2009,45.7477,43.3058
1,2009,45.6982,43.318
1,2009,43.5629,43.3932
1,2009,45.6982,43.318
1,2009,47.5046,42.9849
1,2009,45.0477,43.3204
1,2009,45.0477,43.3204
1,2009,44.8203,43.4052
1,2009,46.5851,43.2505
1,2009,45.7477,43.3058
1,2009,46.0174,42.9705
1,2009,45.6982,43.318
1,2009,45.201,43.1627
1,2009,47.613,42.708
1,2009,43.6071,43.4846
1,2009,47.5046,42.9849
1,2009,45.199,43.1617
1,2009,46.1927,43.3365
1,2009,43.6071,43.4846
1,2009,45.6982,43.318
1,2009,45.201,43.1627
1,2009,47.655,42.3741
1,2009,45.8318,43.1905
1,2009,46.661,43.1831
1,2009,45.8263,43.2953
1,2009,45.6982,43.318
1,2009,45.6982,43.318
1,2009,45.0131,42.9801
1,2009,45.199,43.1617
1,2009,44.7646,43.2275
1,2009,43.8396,43.468
1,2009,45.756,42.8625
1,2009,45.6982,43.318
1,2009,46.5851,43.2505
1,2009,43.6071,43.4846
1,2009,45.189887,43.122582
1,2009,47.5046,42.9849
1,2009,44.7646,43.2275
1,2009,44.7646,43.2275
1,2009,45.0477,43.3204
1,2009,47.5046,42.9849
1,2009,46.1959,43.134
1,2009,44.9949,43.0273
1,2009,47.5046,42.9849
1,2009,47.5046,42.9849
1,2009,47.565,42.5648
1,2009,47.5046,42.9849
1,2009,44.8035,44.1874
1,2009,45.6982,43.318
1,2009,44.9944,43.1817
1,2009,42.619,43.25
1,2009,44.8279,43.1911
1,2009,45.901,43.1488
1,2009,47.5046,42.9849
1,2009,45.3586,43.0952
1,2009,44.9094,43.3056
1,2009,45.6982,43.318
1,2009,45.901,43.1488
1,2009,45.7675,42.985
1,2009,45.1185,43.1896
1,2009,45.7415,43.123
1,2010,47.5046,42.9849
1,2009,44.9094,43.3056
1,2009,45.6982,43.318
1,2009,44.7646,43.2275
1,2009,44.8358,43.2854
1,2009,47.5046,42.9849
1,2009,45.123,43.1373
1,2009,46.8421,43.2349
1,2012,46.5851,43.2505
1,2009,45.1185,43.1896
1,2009,42.8183,44.2345
1,2009,46.5851,43.2505
1,2009,46.7233,43.8485
1,2009,47.5652,42.7101
1,2009,43.5246,43.7171
1,2009,47.5046,42.9849
1,2009,48.0653,42.1262
1,2009,45.6982,43.318
3,2007,44.9094,43.3056
1,2009,44.76,43.4026
1,2009,44.8279,43.1911
1,2008,45.6982,43.318
3,2007,44.7646,43.2275
1,2005,47.5046,42.9849
1,2009,46.0519,42.9638
1,2009,45.6982,43.318
1,2009,45.5154,43.0708
1,2009,45.6213,43.1609
1,2009,45.5154,43.0708
3,2001,45.5638,43.2286
1,2009,45.6982,43.318
1,2009,45.6982,43.318
1,2009,47.5046,42.9849
1,2003,45.7477,43.3058
1,2009,44.8203,43.4052
1,2010,47.1164,42.8214
1,2009,47.6269,42.8496
1,2009,45.756,42.8625
1,2009,45.6982,43.318
3,2010,45.123,43.1373
1,2009,47.0761,42.1246
1,2009,47.137781,42.273292
1,2009,48.2908,42.059
1,2009,45.6982,43.318
1,2010,45.4384,43.4015
1,2009,47.5046,42.9849
1,2011,45.6982,43.318
1,2009,48.2548,42.0626
1,2009,47.5046,42.9849
1,2009,47.5046,42.9849
1,2009,45.8724,43.2917
3,2012,37.6173,55.7558
1,2009,45.201,43.1627
1,2003,45.6982,43.318
3,2000,46.2256,42.981
1,2009,45.0477,43.3204
1,2009,45.3014,43.2911
1,2009,45.300046,43.131672
1,1995,46.1035,43.3519
1,2009,45.6982,43.318
1,2009,45.6982,43.318
1,2009,45.6982,43.318
1,2009,47.2236,42.6351
1,2009,45.7798,43.5287
1,2009,45.6982,43.318
1,2005,41.9143,43.7732
3,2001,45.8724,43.2917
1,2009,45.6982,43.318
1,2009,47.5046,42.9849
3,2001,46.2202,43.0802
1,2005,44.8358,43.2854
3,2001,45.7415,43.123
1,2005,46.5851,43.2505
1,2009,44.6571,43.7472
1,2009,44.0109,43.7587
1,2009,46.2526,43.2227
1,2005,46.5906,43.8138
1,2005,45.7477,43.3058
1,2005,45.7477,43.3058
1,2009,45.3586,43.0952
1,2005,45.2623,43.0318
1,2009,45.6982,43.318
1,2009,46.0671,42.9526
1,2009,44.7646,43.2275
1,2005,46.3603,43.0236
1,2006,45.6982,43.318
1,2006,47.5046,42.9849
1,2006,45.7477,43.3058
1,2006,45.8503,42.6528
1,2006,37.6173,55.7558
1,2007,46.0671,42.9526
1,2007,47.5156,43.2731
1,1995,45.7477,43.3058
1,2009,44.7646,43.2275
1,2009,44.8538,43.1453
3,2010,37.6173,55.7558
1,2010,44.746127,43.187861
1,2010,47.5046,42.9849
1,2010,47.6629,42.4543
1,2011,47.5046,42.9849
1,2011,43.5426,43.5318
1,2011,45.901,43.1488
1,2011,45.3282,43.1264
1,2011,46.6895,43.208
1,2011,43.89662,43.9248
1,2011,43.535,43.6819
1,1990,49.88222,40.39528
1,2011,47.5046,42.9849
1,2012,46.5851,43.2505
1,2012,45.0477,43.3204
1,2012,43.535,43.6819
1,2011,45.8286,43.3806
1,2005,45.6982,43.318
3,2002,45.2864,43.1872
1,1991,46.0,40.1
1,1991,46.583333,40.0
1,1990,44.488333,40.812778
1,1991,46.646319,40.45378
1,1991,46.489444,40.388889
1,1991,46.583333,40.0
1,1991,46.489444,40.388889
2,1990,46.583333,40.0
1,2003,47.6269,42.8496
1,2003,45.6982,43.318
1,2004,46.1377,42.9059
1,2000,45.7477,43.3058
1,2004,45.9901,43.1117
3,2001,45.7477,43.3058
1,2004,46.0078,43.1618
3,2001,45.7477,43.3058
1,1995,45.7477,43.3058
1,1994,45.6982,43.318
1,2004,46.3108,42.9809
1,1993,37.6173,55.7558
1,1995,45.8724,43.2917
3,2002,45.6982,43.318
1,2004,46.1377,42.9059
1,1995,45.1714,43.2386
3,2002,45.6982,43.318
1,2004,45.6982,43.318
1,2004,45.9068,42.9624
1,1994,45.7477,43.3058
1,2004,44.7761,43.2707
3,2002,46.0019,43.2425
1,1996,45.7477,43.3058
3,2002,45.7421,43.1228
1,2001,45.6982,43.318
3,2002,45.8724,43.2917
1,2004,45.7477,43.3058
1,1999,41.9691,45.0445
1,1999,45.7477,43.3058
1,2000,44.8203,43.4052
1,2001,45.6982,43.318
3,2004,37.6173,55.7558
3,2004,37.6173,55.7558
1,2001,46.0671,42.9526
1,2002,45.7477,43.3058
1,2000,45.8724,43.2917
1,1996,45.756,42.8625
1,1996,45.756,42.8625
1,1996,45.4501,42.7077
1,2004,45.8263,43.2953
1,2015,45.3841,43.666
1,2002,45.7477,43.3058
1,2002,46.189971,43.105775
1,2015,43.3969,43.6468
1,2015,43.6071,43.4846
1,2015,43.6071,43.4846
1,2002,45.7477,43.3058
1,2002,45.7477,43.3058
1,2002,45.9202,43.1871
1,2002,46.1949,43.221
1,2012,43.6071,43.4846
1,2002,46.1949,43.221
1,2002,45.7477,43.3058
1,2002,45.358553,43.095171
2,1994,45.6982,43.318
1,2002,45.6982,43.318
1,2002,45.7477,43.3058
1,2002,45.6982,43.318
1,2002,45.7477,43.3058
1,2002,46.3603,42.0236
1,2002,45.5406,43.1276
1,2002,46.0553,43.0211
1,2002,45.9085,43.2503
1,2002,45.7363,43.2286
1,2002,45.5406,43.1276
1,2002,45.716667,43.4
2,1989,45.716667,43.4
1,2002,45.6982,43.318
1,2002,46.0671,42.9526
1,2002,45.7477,43.3058
1,2002,45.7757,43.1336
1,2013,44.966667,43.2
1,2013,45.716667,43.4
1,2013,45.201,43.1627
1,2002,45.6982,43.318
1,2002,46.0879,43.202
1,2002,45.2623,43.0318
1,2002,45.3014,43.2911
1,2002,45.6982,43.318
1,2013,43.4,43.583333
1,2013,44.966667,43.2
3,2013,47.5046,42.9849
3,2013,42.0468,44.2269
1,2013,46.883333,43.1
1,2013,45.716667,43.4
1,2013,46.883333,43.1
1,2013,43.4,43.583333
1,2013,46.883333,43.1
1,2013,46.883333,43.1
3,2014,47.5046,42.9849
3,2014,46.883333,43.2
3,2014,46.8974,43.1953
3,2014,46.8729,43.2038
1,2014,46.737656,42.488172
1,2014,46.583333,43.25
1,2012,46.7276,43.2962
3,2005,47.6269,42.8496
1,2008,45.7477,43.3058
1,2007,45.6982,43.318
1,2007,47.6269,42.8496
1,2008,44.8035,44.1874
1,2008,44.8358,43.2854
3,2009,37.6173,55.7558
3,2010,48.2908,42.059
1,2010,43.85,43.55
1,2011,46.0671,42.9526
1,2011,46.1739,42.5616
3,2011,46.043289,43.214453
1,2011,46.6805,43.9021
1,2012,47.1164,42.8214
1,1991,47.5,40.5
3,1989,44.783333,41.716667
2,1990,69.676389,41.294444
3,1989,69.3903,41.3125
3,2000,45.7477,43.3058
1,1995,45.5348,43.2624
1,2001,45.6982,43.318
3,2000,45.7477,43.3058
1,2001,45.8724,43.2917
1,2001,46.1134,42.9595
1,2009,45.8724,43.2917
1,2005,43.8396,43.468
1,2005,45.6982,43.318
1,2005,45.7477,43.3058
1,2005,46.3603,43.0236
1,2005,45.6982,43.318
1,2006,46.8412,42.7583
1,2007,44.5902,43.5096
1,2009,45.123,43.1373
1,2010,45.8595,42.7676
1,2010,46.5851,43.2505
1,2010,46.1959,43.134
1,2010,47.613,42.708
1,2010,46.3108,42.9809
1,2011,47.5046,42.9849
1,2011,47.6629,42.4543
1,2012,46.8512,43.3432
1,2007,45.7043,42.8415
1,2007,47.5046,42.9849
1,1990,45.3656,41.0925
1,1991,46.583333,40.0
1,1996,45.7477,43.3058
1,1995,45.7477,43.3058
1,2002,45.7477,43.3058
1,2002,46.189971,43.105775
1,2002,46.334,43.5072
1,2002,45.716667,43.4
1,2001,45.7477,43.3058
1,2002,46.1268,42.956
1,2015,46.761964,43.384169
1,2002,46.0019,43.2425
1,2002,45.8724,43.2917
1,2002,45.6982,43.318
1,2002,46.0019,43.2425
1,2002,46.0671,42.9526
1,2002,46.107622,43.013081
1,2002,47.5046,42.9849
1,2002,46.1268,42.956
1,2002,46.1134,42.9595
1,2002,45.901,43.1488
1,2002,45.7477,43.3058
1,2002,45.9085,43.2503
1,2002,45.7477,43.3058
1,2002,45.6982,43.318
1,2002,46.1602,43.0411
1,2002,46.1134,42.9595
1,2002,45.6982,43.318
1,2002,46.0847,43.6685
1,2002,45.8724,43.2917
1,2002,45.8724,43.2917
1,2002,45.7477,43.3058
1,2002,45.8724,43.2917
1,2002,46.1134,42.9595
1,2002,45.8938,43.177
1,2002,46.0671,42.9526
1,2002,46.3603,42.0236
1,2002,45.6982,43.318
1,2002,45.6982,43.318
1,2002,45.7293,43.0397
1,2002,45.5406,43.1276
1,2002,45.6982,43.318
1,2002,46.2202,43.0802
1,2002,45.6982,43.318
1,2002,45.7874,43.2001
1,2002,45.6982,43.318
1,2002,45.8263,43.2953
1,2002,41.97,43.6685
1,2002,46.0019,43.2425
1,2002,46.0019,43.2425
1,2002,45.6982,43.318
1,2002,46.1949,43.221
1,2002,46.0847,43.6685
1,2002,45.5348,43.2624
1,2002,45.756,42.8625
1,2002,45.6982,43.318
1,2002,45.6982,43.318
1,2002,46.15,43.1859
1,2002,45.6982,43.318
1,2002,45.7477,43.3058
1,2002,45.7477,43.3058
1,2002,46.1949,43.221
1,2002,46.3603,42.0236
1,2002,46.1035,43.3519
1,2002,45.6982,43.318
1,2002,44.984297,43.080798
1,2002,45.901,43.1488
1,2002,45.7477,43.3058
1,2002,46.3603,42.0236
1,2002,45.6982,43.318
1,2002,45.6982,43.318
2,1994,45.6982,43.318
1,2002,45.770809,43.296892
1,2002,45.358553,43.095171
1,2002,45.6982,43.318
1,2002,46.47674,43.742174
1,2002,45.7477,43.3058
1,2002,45.6982,43.318
1,2002,45.901,43.1488
1,2002,100.0,60.0
1,2002,45.6982,43.318
1,2002,45.6982,43.318
1,2002,45.6982,43.318
1,2002,45.6982,43.318
1,2002,45.6982,43.318
2,1994,45.7688,43.4432
1,2004,100.0,60.0
1,2002,45.893482,43.020253
1,2002,46.249,43.2223
2,1994,45.4801,43.1217
2,1994,45.6982,43.318
1,2002,46.0671,42.9526
1,2002,45.6982,43.318
1,2002,45.6982,43.318
1,2002,46.1035,43.3519
1,2002,46.2469,43.1258
1,2002,45.7477,43.3058
1,2002,46.004114,43.163165
1,1991,46.583333,40.0
1,2002,45.8938,43.177
1,2002,45.7421,43.1228
1,2002,45.893482,43.020253
1,2002,46.0174,42.9705
1,2002,45.756,42.8625
1,2002,45.8724,43.2917
1,2002,45.770809,43.296892
1,2002,45.995,43.322131
1,2002,45.6982,43.318
1,2002,46.1905,42.9475
1,2002,46.107622,43.013081
1,2002,45.201,43.1627
1,2002,45.6982,43.318
1,2002,46.2469,43.1258
1,2002,45.901,43.1488
1,2002,45.6982,43.318
1,2002,46.2469,43.1258
1,2002,46.0174,42.9705
1,2002,45.164,43.315
1,2002,45.2864,43.1872
1,2002,45.3586,43.0952
1,2002,45.406505,43.096086
1,2002,46.0019,43.2425
1,2002,46.0671,42.9526
1,2002,45.469459,42.539552
1,2002,45.7477,43.3058
1,2002,45.7477,43.3058
1,2002,45.9068,42.9624
1,2002,45.2864,43.1872
1,2002,46.0174,42.9705
1,2002,46.152887,43.074301
1,2002,45.6982,43.318
1,2002,45.7477,43.3058
1,2002,45.6982,43.318
1,2002,46.1134,42.9595
1,2002,46.1035,43.3519
1,2002,45.2623,43.0318
1,2002,46.3603,42.0236
1,2002,46.3603,42.0236
1,2002,46.3603,42.0236
1,2002,46.3603,42.0236
1,2002,45.6982,43.318
1,2002,46.2837,43.2153
1,2002,45.7477,43.3058
2,1994,45.6982,43.318
1,2002,45.901,43.1488
1,2002,46.1134,42.9595
1,2002,45.756,42.8625
1,2002,45.901,43.1488
1,2002,45.2623,43.0318
1,2002,45.716667,43.4
1,2002,45.716667,43.4
1,2002,45.716667,43.4
1,2002,45.716667,43.4
1,2002,46.15,43.1859
1,2002,46.4329,43.8403
1,2002,46.15,43.1859
1,2002,46.3603,42.0236
1,2002,45.901,43.1488
1,2002,45.9901,43.1117
1,2002,45.6982,43.318
1,2002,45.7477,43.3058
1,2002,45.5638,43.2286
1,2002,46.0671,42.9526
1,2002,45.8724,43.2917
1,2002,45.7477,43.3058
1,2002,46.0671,42.9526
1,2002,46.2469,43.1258
1,2002,45.6982,43.318
1,2002,45.6982,43.318
2,1990,46.583333,40.0
1,2002,45.7477,43.3058
1,2002,45.8724,43.2917
1,2002,45.7477,43.3058
1,2002,45.7477,43.3058
1,2002,46.0671,42.9526
3,2005,45.8263,43.2953
1,2005,45.6982,43.318
1,2006,45.164,43.315
1,2006,46.249,43.2223
3,2006,47.918413,41.42501
1,2007,47.5046,42.9849
3,2007,44.5895,43.4879
1,2008,46.1268,42.956
3,2008,47.1616,42.761
1,2010,47.6367,42.8916
1,2010,43.5426,43.5318
1,2011,45.3282,43.1264
3,2004,45.6982,43.318
1,1996,45.6982,43.318
3,2000,45.7477,43.3058
3,2000,45.7477,43.3058
1,2002,45.7477,43.3058
1,2002,46.0879,43.202
1,2002,45.6982,43.318
1,2002,45.556613,43.060599
1,2002,45.7477,43.3058
1,2002,47.6269,42.8496
1,2002,45.7435,43.087
1,2002,46.5851,43.2505
1,2002,46.1268,42.956
1,2002,46.0671,42.9526
1,2002,45.7477,43.3058
1,2002,46.3554,43.253
1,2002,46.2837,43.2153
1,2002,46.1905,42.9475
1,2002,45.893482,43.020253
1,2002,46.0847,43.6685
1,2002,45.6982,43.318
1,2002,45.9901,43.1117
1,2002,45.6317,42.8401
1,2002,45.6982,43.318
1,2002,45.3586,43.0952
1,2002,45.6982,43.318
1,2002,45.6982,43.318
1,2002,45.6982,43.318
1,2002,45.6982,43.318
1,2002,45.7421,43.1228
1,2002,45.7477,43.3058
1,2002,45.6982,43.318
1,2002,45.6982,43.318
1,2002,45.901,43.1488
1,2002,45.7477,43.3058
1,2002,45.6982,43.318
1,2002,45.6982,43.318
1,2002,45.30561,43.21411
1,2002,45.6982,43.318
1,2002,45.6982,43.318
1,2002,45.2864,43.1872
1,2002,45.7477,43.3058
1,2002,45.6982,43.318
1,2002,45.6982,43.318
1,2002,45.7477,43.3058
1,2002,45.7477,43.3058
1,2002,45.6982,43.318
1,2002,45.6982,43.318
1,2002,45.7421,43.1228
1,2002,45.6982,43.318
1,2002,46.0553,43.0211
1,2002,46.4329,43.8403
1,2002,45.164,43.315
1,2002,45.9901,43.1117
1,2002,45.7477,43.3058
1,2002,45.901,43.1488
1,2002,46.0671,42.9526
1,2002,45.4801,43.1217
1,2002,45.7421,43.1228
1,2002,45.7477,43.3058
1,2002,46.189971,43.105775
1,2002,45.6982,43.318
1,2002,45.6982,43.318
1,2002,45.7477,43.3058
1,2002,45.9901,43.1117
1,2015,46.883333,43.1
1,2015,46.5851,43.2505
1,2015,48.2908,42.059
1,2013,46.883333,43.1
1,2013,43.4,43.583333
1,2013,46.883333,43.1
1,2013,45.716667,43.4
1,2013,43.4,43.583333
1,2013,46.883333,43.1
1,2013,46.883333,43.1
1,2013,44.966667,43.2
1,2013,43.4,43.583333
1,2013,46.883333,43.1
1,2013,46.883333,43.1
1,2013,46.883333,43.1
1,2013,46.883333,43.1
1,2013,46.883333,43.1
1,2013,46.883333,43.1
1,2013,46.883333,43.1
1,2013,46.883333,43.1
1,2013,46.883333,43.1
1,2013,46.883333,43.1
1,2013,44.966667,43.2
1,2013,46.883333,43.1
1,2013,46.883333,43.1
1,2013,44.966667,43.2
1,2013,38.977071,55.803932
1,2013,46.883333,43.1
1,2013,46.883333,43.1
1,2013,46.883333,43.1
1,2013,43.4,43.583333
1,2013,43.4,43.583333
1,2013,43.4,43.583333
1,2013,46.883333,43.1
1,2013,46.883333,43.1
1,2013,46.883333,43.1
1,2013,45.716667,43.4
1,2013,45.716667,43.4
1,2013,45.716667,43.4
1,2013,43.4,43.583333
1,2013,44.966667,43.2
1,2013,43.4,43.583333
1,2013,46.883333,43.1
1,2013,46.883333,43.1
1,2013,43.4,43.583333
1,2013,46.883333,43.1
1,2013,43.4,43.583333
1,2013,46.883333,43.1
1,2013,46.883333,43.1
1,2013,46.883333,43.1
1,2013,46.883333,43.1
1,2013,46.883333,43.1
1,2013,46.883333,43.1
1,2013,46.883333,43.1
1,2013,44.966667,43.2
1,2013,46.883333,43.1
1,2013,43.4,43.583333
1,2013,46.883333,43.1
1,2013,46.883333,43.1
1,2013,45.716667,43.4
1,2013,44.966667,43.2
1,2013,44.966667,43.2
1,2013,44.966667,43.2
1,2013,46.883333,43.1
1,2013,46.883333,43.1
1,2013,46.883333,43.1
1,2013,46.883333,43.1
1,2013,46.883333,43.1
1,2013,46.883333,43.1
1,2013,43.4,43.583333
1,2013,46.883333,43.1
1,2013,46.883333,43.1
1,2013,46.883333,43.1
1,2013,46.883333,43.1
3,2013,44.516667,48.7
1,2013,43.4,43.583333
1,2013,46.883333,43.1
3,2013,47.5046,42.9849
1,2013,46.883333,43.1
1,2013,46.883333,43.1
1,2013,46.883333,43.1
1,2013,46.883333,43.1
3,2013,46.883333,43.1
1,2013,46.883333,43.1
1,2013,43.4,43.583333
1,2013,43.4,43.583333
1,2013,46.883333,43.1
1,2013,46.883333,43.1
1,2013,46.883333,43.1
1,2013,46.883333,43.1
1,2013,46.883333,43.1
1,2013,44.966667,43.2
1,2013,43.4,43.583333
1,2013,46.883333,43.1
1,2013,46.883333,43.1
1,2013,43.4,43.583333
1,2013,45.716667,43.4
1,2013,46.883333,43.1
1,2013,46.883333,43.1
1,2013,43.0661,44.0412
1,2013,46.883333,43.1
1,2013,43.4,43.583333
3,2013,44.516667,48.7
1,2013,46.883333,43.1
1,2013,46.883333,43.1
1,2013,44.966667,43.2
1,2013,41.97,45.04
1,2013,45.716667,43.4
1,2013,44.0857,42.3512
1,2013,46.883333,43.1
1,2013,41.97,45.04
1,2013,45.716667,43.4
1,2013,45.716667,43.4
1,2013,46.883333,43.1
1,2013,45.716667,43.4
2,1991,46.583333,40.0
1,2013,43.4,43.583333
1,2013,43.4,43.583333
1,2013,46.883333,43.1
1,2013,44.966667,43.2
1,2013,41.7304,43.8845
2,1990,72.79,40.53
2,1990,73.299981,40.766667
2,1990,72.79,40.53
1,2002,46.107622,43.013081
1,2007,46.0671,42.9526
1,2007,47.5046,42.9849
1,2014,46.81,43.2
1,2014,47.5046,42.9849
1,2014,48.2908,42.059
1,2014,43.4,43.583333
1,2007,45.1185,43.1896
1,2013,44.8358,43.2854
1,2013,47.5046,42.9849
1,2014,46.710187,43.91838
1,2014,45.3282,43.1264
1,2014,48.2908,42.059
1,2014,44.7988,44.324649
1,2014,47.402565,42.986463
1,1990,49.88222,40.39528
1,2008,38.9501,45.5037
1,2014,45.6982,43.318
2,1990,46.583333,40.0
1,2008,48.0284,41.9242
1,2014,46.991667,42.281667
1,2008,45.756,42.8625
1,2014,44.5895,43.4879
1,2014,46.681103,43.90084
1,2014,46.883333,43.1
3,2001,45.7477,43.3058
1,2014,45.9924,42.4343
1,2008,44.7646,43.2275
1,2014,44.8358,43.2854
1,2008,45.6982,43.318
1,2014,44.279,43.537
1,2004,44.7646,43.2257
1,2008,44.8203,43.4052
1,2014,47.5046,42.9849
1,2008,44.9893,43.3061
1,2014,46.5851,43.2505
1,2014,46.5851,43.2505
1,2008,47.5046,42.9849
3,2000,46.0671,42.9526
1,2008,43.5866,43.5671
1,2008,44.6971,43.3488
1,2014,47.71099,42.31506
1,2014,46.5851,43.2505
1,2014,43.533333,43.683333
1,2014,45.6982,43.318
1,2014,46.675548,42.589566
1,2014,47.9287,41.9258
1,2014,47.55,42.7
1,2014,48.2908,42.059
1,2014,45.6982,43.318
1,2014,47.5046,42.9849
1,2014,47.5046,42.9849
1,2014,45.6982,43.318
1,2014,43.5866,43.5671
1,2008,46.5851,43.2505
1,2008,41.7304,43.8845
1,2008,46.0174,42.9705
1,2008,45.4801,43.1217
1,2008,45.901,43.1488
1,2008,45.756,42.8625
1,2008,41.9143,43.7732
1,2014,48.2908,42.059
1,2014,47.5046,42.9849
1,2008,44.916,43.2821
1,2014,46.9841,43.2018
1,2014,47.5046,42.9849
1,2014,43.6071,43.4846
1,2014,44.8061,43.7114
1,2008,44.7646,43.2275
1,2014,43.533333,43.683333
1,2014,45.164,43.315
1,2014,44.966667,43.2
1,2008,46.0708,43.1194
1,2009,46.5851,43.2505
1,2008,45.8617,43.4632
1,2012,43.1239,44.2117
1,2009,43.0661,44.0412
1,2009,44.6485,43.2281
1,2009,45.6527,43.064
1,2009,45.5757,42.7364
1,2009,45.6982,43.318
1,2009,45.9085,43.2503
1,2012,47.9477,41.9491
1,2009,44.7646,43.2275
3,2012,47.0886,42.7347
1,2009,47.938,42.0521
1,2009,44.8358,43.2854
1,1991,46.583333,40.0
1,2009,47.5046,42.9849
1,2009,47.8789,42.1203
1,2009,45.6982,43.318
1,2009,46.7297,43.2678
1,2009,47.5046,42.9849
1,2009,43.7735,43.8033
3,2000,45.6873,42.872
1,1993,37.6173,55.7558
3,2002,37.6173,55.7558
1,2009,46.5851,43.2505
3,2002,46.0019,43.2425
1,2009,47.5046,42.9849
1,2009,44.8106,43.2613
1,2009,46.3554,43.253
1,2003,45.7477,43.3058
1,2009,45.9068,42.9624
3,2001,45.8724,43.2917
3,1998,45.7477,43.3058
1,2009,44.8279,43.1911
1,2009,48.0284,41.9242
1,2009,48.0653,42.1262
1,2009,44.7646,43.2275
1,2009,45.6982,43.318
3,2000,45.7477,43.3058
1,2009,47.5046,42.9849
1,2000,46.3603,42.0236
1,1996,45.6982,43.318
1,2000,45.6982,43.318
1,2009,47.5046,42.9849
1,2009,43.8396,43.468
1,2009,47.5046,42.9849
1,2009,45.6982,43.318
1,2009,38.5312,45.7228
1,2009,46.0519,42.9638
1,2009,45.0477,43.3204
1,2009,45.6982,43.318
1,2009,45.6982,43.318
1,2009,46.7276,43.2962
3,2000,45.7477,43.3058
1,2003,45.7477,43.3058
1,2009,45.1115,43.2186
1,2009,45.6982,43.318
1,2009,45.6982,43.318
1,2005,45.6982,43.318
1,2009,47.6269,42.8496
1,2007,45.6982,43.318
1,2007,47.613,42.708
1,2008,45.7477,43.3058
3,2001,45.8724,43.2917
1,2009,46.6442,43.3543
1,2009,42.9214,43.3982
1,2009,46.3108,42.9809
1,2005,46.0078,43.1618
1,2008,48.2548,42.0626
1,2007,45.0477,43.3204
1,2005,45.0503,43.2375
1,2005,46.679,43.864
1,2005,46.5851,43.2505
1,2008,44.7646,43.2275
1,2005,45.1714,43.2386
1,2007,46.0671,42.9526
1,2007,45.6982,43.318
1,2007,43.8528,43.4678
1,2005,46.6442,43.3543
1,2005,47.6269,42.8496
1,2005,45.0492,43.2382
1,2007,45.8938,43.177
1,2007,44.7646,43.2275
1,2008,46.3108,42.9809
1,2009,45.1003,43.0309
3,2001,45.8724,43.2917
1,2009,46.3108,42.9809
1,2008,45.8935,43.0203
1,2008,45.7477,43.3058
1,2008,43.8396,43.468
1,2009,47.5046,42.9849
1,2009,47.5046,42.9849
1,2005,46.1685,43.0251
1,2009,47.5046,42.9849
1,2005,45.6982,43.318
1,2005,45.6982,43.318
1,2007,46.3554,43.253
1,2007,46.5851,43.2505
1,2005,45.7477,43.3058
1,2005,46.1268,42.956
1,2007,46.0671,42.9526
1,2007,46.2861,43.4188
3,2001,45.8724,43.2917
1,2007,45.6982,43.318
1,2007,45.6982,43.318
1,2007,42.0468,44.2269
1,2009,46.8421,43.2349
1,2005,45.7756,43.1321
1,2005,46.4481,43.6909
1,2005,46.0671,42.9526
1,2005,44.7646,43.2275
1,2009,45.5406,43.1276
1,2006,45.6982,43.318
1,2005,45.7477,43.3058
1,2005,45.7477,43.3058
1,2007,44.904,43.1857
1,2007,45.6982,43.318
1,2008,47.5046,42.9849
1,2009,44.7646,43.2275
1,2009,45.9068,42.9624
1,2007,46.2423,42.9682
1,2009,47.0108,43.1725
1,2009,47.5046,42.9849
1,2005,44.9094,43.3056
1,2003,45.901,43.1488
1,2007,44.904,43.1857
1,2007,45.6982,43.318
1,2008,45.4065,43.0961
1,2005,44.746127,43.187861
1,2005,44.8203,43.4052
1,2005,44.6918,43.4161
1,2007,46.1231,43.0197
1,2007,48.2908,42.059
1,2008,46.3825,42.9821
1,2009,44.8035,44.1874
1,2009,44.9949,43.0273
1,2005,46.7233,43.8485
1,2005,46.1268,42.956
1,2009,45.7477,43.3058
1,2005,45.756,42.8625
1,2005,45.7477,43.3058
1,2007,45.7477,43.3058
3,2001,46.3769,43.0964
1,2008,43.6071,43.4846
1,2008,45.6982,43.318
1,2005,46.5851,43.2505
1,2005,45.7477,43.3058
1,2005,44.7646,43.2275
1,2005,45.6982,43.318
1,2008,45.6982,43.318
1,2008,44.9094,43.3056
1,2009,45.8318,43.1905
1,2008,45.6982,43.318
1,2009,45.8318,43.1905
1,2005,45.7477,43.3058
1,2009,46.0174,42.9705
1,2008,45.6982,43.318
1,2008,46.0671,42.9526
1,2005,46.2563,43.3513
1,2005,46.3603,43.0236
1,2005,44.8203,43.4052
1,2008,46.1134,42.9595
1,2008,45.6982,43.318
1,2007,45.8935,43.0203
1,2005,45.7477,43.3058
1,2005,45.7477,43.3058
1,2009,45.8724,43.2917
1,2009,46.508,43.3102
1,2009,45.3014,43.2911
1,2005,46.347,43.0749
1,2005,46.1268,42.956
1,2005,45.0893,43.1371
1,2007,46.1268,42.956
1,2007,47.565,42.5648
1,2008,46.0708,43.1194
1,2008,45.7477,43.3058
1,2008,41.7304,43.8845
1,2005,45.1965,43.2612
1,2008,45.8678,42.9345
1,2009,48.2908,42.059
1,2009,44.8203,43.4052
1,2009,45.903,43.1445
1,2009,44.9094,43.3056
1,2005,47.5046,42.9849
1,2005,45.3659,43.1683
1,2005,46.3603,43.0236
1,2005,47.5046,42.9849
1,2005,47.5046,42.9849
1,2005,45.6982,43.318
1,2005,45.7477,43.3058
1,2005,45.7477,43.3058
1,2005,44.7646,43.2275
1,2008,44.5902,43.5096
1,2008,48.0563,41.6845
1,2009,44.5902,43.5096
1,2009,45.6982,43.318
1,2009,46.8974,43.1953
1,2009,47.4604,42.8722
1,2005,45.6982,43.318
1,2005,45.6982,43.318
1,2005,45.7688,43.4432
1,2009,45.7435,43.087
1,2005,45.756,42.8625
1,2008,44.8279,43.1911
1,2008,45.1703,43.7302
1,2005,46.654904,43.440416
1,2005,45.6982,43.318
1,2005,45.936,42.9797
1,2007,44.7306,43.3741
1,2008,44.7646,43.2275
1,2008,45.7057,43.01
1,2009,45.201,43.1627
1,2009,46.5851,43.2505
1,2008,42.0468,44.2269
1,2009,45.5406,43.1276
1,2009,46.5851,43.2505
1,2005,45.756,42.8625
1,2005,45.8724,43.2917
3,2001,46.0879,43.202
1,2007,44.8131,43.1688
1,2007,44.8203,43.4052
1,2008,46.1231,43.0197
1,2005,46.6442,43.3543
1,2005,45.903,43.1445
1,2005,45.7477,43.3058
1,2007,44.8203,43.4052
1,2008,44.9893,43.3061
1,2008,47.5046,42.9849
1,2009,45.6527,43.064
1,2005,45.1714,43.2386
1,2008,44.7646,43.2275
1,2008,42.482,43.9385
1,2005,46.2861,43.4188
1,2005,45.901,43.1488
1,2005,45.7477,43.3058
1,2009,47.5046,42.9849
1,2005,46.4556,43.2849
1,2007,47.5046,42.9849
1,2007,44.5902,43.5096
1,2008,44.7646,43.2275
1,2005,45.2864,43.1872
1,2005,45.6982,43.318
1,2008,45.7625,43.2524
1,2006,43.939307,43.355633
1,2007,47.655,42.3741
1,2008,44.8203,43.4052
1,2008,45.6513,43.0638
1,2008,44.5902,43.5096
1,2009,46.5851,43.2505
1,2009,44.7646,43.2275
1,2009,45.6982,43.318
1,2005,45.6982,43.318
1,2005,46.6442,43.3543
1,2007,47.6089,42.4959
1,2007,47.655,42.3741
1,2005,45.903,43.1445
1,2008,43.5426,43.5318
1,2005,45.8259,43.2641
1,2005,43.6071,43.4846
1,2006,41.7425,43.4741
1,2007,47.655,42.3741
1,2008,46.3045,43.0868
1,2008,44.7646,43.2275
1,2009,45.132262,43.276075
1,2009,45.9901,43.1117
1,2008,46.5851,43.2505
1,2008,46.15,43.1859
1,2005,45.6982,43.318
1,2009,44.8203,43.4052
1,2009,45.904722,42.98055
1,2009,47.5894,42.6099
1,2006,47.6269,42.8496
1,2006,45.7756,43.1321
1,2005,44.8035,44.1874
1,2007,45.2623,43.0318
3,1995,45.6982,43.318
1,2007,44.5902,43.5096
1,2005,45.5638,43.2286
1,2005,46.5851,43.2505
1,2007,45.6982,43.318
1,2008,48.1939,42.1152
1,2008,47.5046,42.9849
1,2005,46.4481,43.6909
1,2005,46.1,42.533333
1,2009,46.661,43.1831
1,2009,46.1268,42.956
1,2008,47.5046,42.9849
1,2008,44.5902,43.5096
1,2008,45.4801,43.1217
1,2009,45.6982,43.318
1,2009,46.5851,43.2505
1,2010,44.5902,43.5096
1,2005,47.5046,42.9849
1,2006,44.8203,43.4052
1,2006,46.1134,42.9595
1,2005,45.6982,43.318
1,2007,44.6571,43.7472
1,2007,45.6982,43.318
1,2005,45.6982,43.318
1,2007,42.9214,43.3982
1,2008,46.6442,43.3543
1,2008,47.1164,42.8214
1,2009,47.6269,42.8496
1,2010,47.6269,42.8496
1,2009,47.5046,42.9849
1,2005,45.6982,43.318
1,2005,45.8232,43.3324
1,2005,45.6982,43.318
1,2006,46.3603,43.0236
1,2007,45.4801,43.1217
1,2007,44.8203,43.4052
1,2007,46.906111,42.751111
1,2008,46.2563,43.3513
1,2008,45.4801,43.1217
3,2001,45.8724,43.2917
1,2005,45.7477,43.3058
1,2005,45.5348,43.2624
1,2005,45.6982,43.318
1,2006,44.8203,43.4052
1,2007,44.8887,43.1933
1,2008,45.1714,43.2386
1,2009,46.5851,43.2505
1,2009,45.6982,43.318
1,2012,43.6071,43.4846
1,2008,45.7736,42.4894
1,2009,47.5046,42.9849
1,2008,44.7646,43.2275
1,2009,45.0477,43.3204
1,2008,45.7477,43.3058
1,2007,44.7646,43.2275
1,2005,46.2837,43.2153
1,2006,45.7477,43.3058
1,2006,45.7477,43.3058
1,2005,47.5046,42.9849
1,2008,45.8724,43.2917
1,2009,45.7293,43.0397
1,2012,44.8317,44.5517
1,2008,45.6982,43.318
1,2012,48.0406,42.2363
1,2008,45.5435,43.7641
1,2009,46.1268,42.956
1,2005,45.7477,43.3058
3,1995,46.1035,43.3519
1,2007,45.7477,43.3058
1,2005,46.3603,43.0236
1,2007,45.7477,43.3058
1,2007,45.7477,43.3058
1,2005,44.7646,43.2275
1,2005,44.7646,43.2275
1,2007,45.7477,43.3058
1,2007,44.7646,43.2275
1,2008,44.8203,43.4052
1,2009,47.1164,42.8214
1,2009,45.8724,43.2917
1,2012,47.7517,42.4078
1,2009,47.5046,42.9849
1,2005,45.4801,43.1217
1,2007,46.5851,43.2505
1,2005,45.6982,43.318
1,2007,46.1035,43.3519
1,2007,44.5902,43.5096
1,2008,44.7646,43.2275
1,2008,46.5851,43.2505
1,2005,45.6982,43.318
1,2005,44.7646,43.2275
1,2007,45.133,43.7125
1,2007,44.7646,43.2275
1,2008,44.9094,43.3056
1,2009,43.5629,43.3932
1,2009,45.6982,43.318
1,2005,44.7646,43.2275
1,2005,46.1818,42.9816
1,2005,46.1268,42.956
1,2005,46.0671,42.9526
1,2004,45.7477,43.3058
1,2005,45.7477,43.3058
1,2005,45.4801,43.1217
1,2009,44.7646,43.2275
1,2009,47.5046,42.9849
1,2008,45.7057,43.01
1,2009,44.5895,43.4879
1,2009,44.8279,43.1911
1,2005,45.7477,43.3058
1,2005,45.7477,43.3058
1,2005,43.6071,43.4846
1,2007,44.8538,43.1453
1,2005,45.6982,43.318
1,2005,45.8263,43.2953
1,2005,45.7874,43.2001
1,2007,46.2423,42.9682
1,2012,47.5046,42.9849
1,2008,46.0847,43.6685
1,2009,45.1703,43.7302
1,2009,44.7646,43.2275
1,2008,45.9068,42.9624
1,2009,44.904,43.1857
1,2005,47.5046,42.9849
1,2009,45.8724,43.2917
1,2005,47.5046,42.9849
1,2005,45.5435,43.7641
1,2007,45.4801,43.1217
1,2007,47.5046,42.9849
1,2007,46.1905,42.9475
1,2005,45.6982,43.318
1,2005,45.6982,43.318
1,2005,47.5046,42.9849
1,2005,45.6982,43.318
1,2007,45.6982,43.318
1,2004,44.8203,43.4052
1,2008,47.5046,42.9849
1,2009,44.8106,43.2613
1,2009,46.1268,42.956
1,2005,43.6071,43.4846
1,2005,46.043289,43.214453
1,2005,47.5046,42.9849
1,2005,45.7756,43.1321
1,2005,46.1959,43.134
1,2005,45.6982,43.318
1,2005,45.7477,43.3058
1,2005,45.7477,43.3058
1,2005,41.9143,43.7732
1,2005,47.6269,42.8496
1,2005,45.6982,43.318
1,2005,46.3603,43.0236
1,2005,46.5851,43.2505
1,2005,45.7625,43.2524
1,2005,45.7477,43.3058
1,2005,46.1268,42.956
1,2005,46.1268,42.956
1,2005,46.3769,43.0964
1,2005,46.6442,43.3543
1,2005,47.6269,42.8496
1,2005,46.5049,43.2738
1,2005,45.6982,43.318
1,2005,46.6895,43.208
1,2012,46.1832,42.9801
1,2005,43.6071,43.4846
1,2005,47.5046,42.9849
1,2005,45.0492,43.2382
1,2005,45.1965,43.2612
1,2004,47.6269,42.8496
1,2005,46.249,43.2223
1,2012,49.0661,55.8304
1,2005,44.8035,44.1874
1,2005,45.6982,43.318
1,2005,45.7477,43.3058
1,2005,47.5046,42.9849
1,2005,42.0468,44.2269
1,2005,45.6982,43.318
1,2005,45.6982,43.318
3,2011,37.6173,55.7558
3,1995,46.1134,42.9595
1,2005,46.5049,43.2738
1,2005,45.7415,43.123
1,2005,45.7477,43.3058
1,2005,47.5046,42.9849
1,2005,47.5046,42.9849
1,2005,45.903,43.1445
1,2005,47.1164,42.8214
1,2005,45.6982,43.318
1,2005,45.7477,43.3058
1,2005,46.3338,43.5043
1,2005,46.1134,42.9595
1,2005,45.7477,43.3058
1,2005,37.7,55.55
1,2005,45.468,43.0975
1,2005,44.8035,44.1874
1,2005,44.8358,43.2854
1,2005,44.8538,43.1453
1,2005,44.9094,43.3056
1,2005,46.5851,43.2505
1,2005,46.5851,43.2505
1,2005,47.6269,42.8496
1,2005,45.903,43.1445
1,2005,47.5046,42.9849
1,2005,45.6982,43.318
1,2005,45.6982,43.318
1,2006,44.852702,43.147464
1,2005,45.7477,43.3058
1,2005,45.6982,43.318
1,2005,45.8724,43.2917
1,2005,46.1134,42.9595
1,2005,45.6982,43.318
1,2005,44.6918,43.4161
1,2005,46.1685,43.0251
1,2005,45.8617,43.4632
1,2005,45.0893,43.1371
1,2005,46.6895,43.208
1,2005,45.6982,43.318
1,2005,47.6367,42.8916
1,2005,46.5851,43.2505
1,2005,47.5046,42.9849
1,2005,47.5046,42.9849
1,2005,43.6071,43.4846
1,2005,45.6982,43.318
1,2005,46.8606,42.6919
1,2005,46.0671,42.9526
1,2005,46.7792,43.6012
1,2005,46.7792,43.6012
1,2005,45.3659,43.1683
1,2005,46.0078,43.1618
1,2005,45.8678,42.9345
1,2005,45.40137,43.407333
1,2005,43.763,43.4901
1,2005,45.6982,43.318
1,2005,46.2099,43.0388
1,2005,46.0078,43.1618
1,2005,45.7477,43.3058
1,2005,46.2423,42.9682
1,2006,47.5046,42.9849
1,2005,46.3554,43.253
1,2005,46.5851,43.2505
1,2011,43.6071,43.4846
1,2005,47.0886,42.7347
1,2005,45.7477,43.3058
1,2005,44.5895,43.4879
1,2006,46.0879,43.202
1,2006,46.8606,42.6919
1,2006,45.201,43.1627
1,2006,46.0708,43.1194
1,2006,47.5046,42.9849
1,2012,43.5629,43.3932
1,2006,46.2099,43.0388
1,2006,45.7477,43.3058
1,2006,45.6982,43.318
1,2006,45.7477,43.3058
1,2006,46.5851,43.2505
1,2006,44.7646,43.2275
1,2009,44.8203,43.4052
1,2006,45.6982,43.318
1,2006,44.9094,43.3056
1,2006,46.5851,43.2505
1,2006,45.6982,43.318
1,2006,46.1035,43.3519
1,2006,47.6367,42.8916
1,2006,41.9691,45.0445
1,2006,44.9893,43.3061
1,2006,47.5046,42.9849
1,2006,45.6837,42.7444
1,2006,45.5406,43.1276
1,2007,45.4801,43.1217
1,2006,47.6269,42.8496
1,2006,45.0477,43.3204
1,2006,46.0078,43.1618
1,2006,46.1231,43.0197
1,2006,44.7646,43.2275
1,2006,45.7477,43.3058
1,2006,45.7477,43.3058
1,2001,45.6982,43.318
1,2006,47.5046,42.9849
1,2006,45.7477,43.3058
1,2006,47.1164,42.8214
1,2006,47.5046,42.9849
3,1999,45.6982,43.318
1,2006,45.6982,43.318
1,2006,46.1832,42.9801
1,2006,45.7477,43.3058
1,2006,46.3126,43.3158
1,2006,47.5046,42.9849
1,2006,41.4485,43.8751
1,2006,47.6269,42.8496
1,2006,44.7646,43.2275
1,2006,43.6071,43.4846
1,2006,45.7477,43.3058
1,2006,46.2423,42.9682
1,2006,47.2431,42.6988
1,2012,44.8061,43.7114
1,2006,46.0879,43.202
1,2006,45.7477,43.3058
1,2006,45.4384,43.4015
1,2006,46.2832,43.0579
1,2006,41.7304,43.8845
1,2006,45.7477,43.3058
1,2006,43.6071,43.4846
1,2006,46.0671,42.9526
1,2006,45.6982,43.318
1,2006,45.7756,43.1321
1,2006,45.6982,43.318
1,2006,45.6982,43.318
1,2006,46.0708,43.1194
1,2006,44.7646,43.2275
1,2006,45.7477,43.3058
1,2006,46.5851,43.2505
1,2006,46.2423,42.9682
1,2006,47.1164,42.8214
1,2006,44.8203,43.4052
1,2006,44.8203,43.4052
1,2006,45.7477,43.3058
1,2006,44.8538,43.1453
1,2006,45.7356,42.8501
1,2006,44.5699,43.4698
1,2006,45.0492,43.2382
1,2006,46.3429,43.1415
1,2006,45.6982,43.318
1,2006,44.9893,43.3061
1,2006,46.0847,43.6685
1,2006,47.5046,42.9849
1,2006,47.1164,42.8214
1,2006,44.8279,43.1911
1,2006,45.7874,43.2001
1,2006,44.746127,43.187861
1,2006,46.661,43.1831
1,2006,45.7625,43.2524
1,2006,45.6982,43.318
1,2006,47.0886,42.7347
1,2006,47.0886,42.7347
1,2006,44.6819,43.0206
1,2006,44.8358,43.2854
1,2006,47.6269,42.8496
1,2006,46.6442,43.3543
1,2006,45.7477,43.3058
1,2006,44.7646,43.2275
1,2006,45.8935,43.0203
1,2006,43.6071,43.4846
1,2006,45.903,43.1445
1,2006,45.6982,43.318
1,2007,45.6982,43.318
1,2006,44.8538,43.1453
1,2006,47.5046,42.9849
1,2006,45.7477,43.3058
1,2006,45.7477,43.3058
1,2006,45.1115,43.2186
1,2006,44.7646,43.2275
1,2006,44.904,43.1857
1,2006,45.6982,43.318
1,2006,43.5629,43.3932
1,2006,46.001667,43.238056
1,2006,38.9326,45.0248
1,2012,47.8711,42.5651
1,2006,47.1164,42.8214
1,2006,42.7168,43.9052
1,2006,45.468,43.0975
1,2006,45.7477,43.3058
1,2007,46.6805,43.9021
1,2006,45.6982,43.318
1,2006,45.7477,43.3058
1,2006,47.5046,42.9849
1,2006,46.487,43.2093
1,2006,47.5046,42.9849
1,2006,44.8538,43.1453
1,2006,46.5851,43.2505
1,2006,45.6982,43.318
1,2006,45.6982,43.318
1,2007,46.3902,43.2156
1,2006,44.8035,44.1874
1,2007,45.6982,43.318
1,2006,45.8595,42.7676
1,2006,45.5435,43.7641
1,2012,47.5046,42.9849
1,2012,46.8729,43.2038
1,2006,46.0879,43.202
1,2007,37.6986,55.5471
1,2006,47.6269,42.8496
1,2006,45.901,43.1488
1,2006,47.5046,42.9849
1,2007,46.661,43.1831
1,2007,47.5046,42.9849
1,2007,44.5902,43.5096
1,2007,47.5046,42.9849
1,2007,46.1832,42.9801
1,2007,46.2924,43.4732
1,2007,46.5851,43.2505
1,2007,45.6982,43.318
1,2007,46.1035,43.3519
1,2007,47.290423,43.05096
1,2007,45.0477,43.3204
1,2007,44.9866,44.7545
1,2007,43.6071,43.4846
1,2007,47.6367,42.8916
1,2007,46.1076,43.0131
1,2007,46.2099,43.0388
1,2007,47.6367,42.8916
1,2007,46.6442,43.3543
1,2007,46.8709,42.6879
1,2007,46.4556,43.2849
1,2007,45.6982,43.318
1,2007,47.565,42.5687
1,2007,46.5851,43.2505
1,2007,46.8729,43.2038
1,2007,44.8203,43.4052
1,2007,44.8131,43.1688
1,2007,45.7477,43.3058
1,2007,47.8287,42.0948
1,2010,47.5046,42.9849
1,2007,44.7646,43.2275
1,2007,47.0886,42.7347
1,2007,44.7646,43.2275
1,2007,44.8203,43.4052
1,2007,45.6982,43.318
1,2007,44.8414,43.2602
1,2007,47.5046,42.9849
1,2007,44.7646,43.2275
1,2007,44.5895,43.4879
1,2007,44.8279,43.1911
1,2009,42.1083,43.6698
1,2009,45.4801,43.1217
1,2009,45.9901,43.1117
1,2009,47.5046,42.9849
1,2009,45.3586,43.0952
1,2009,44.7646,43.2275
1,2009,45.123,43.1373
1,2009,43.6071,43.4846
1,2010,43.5629,43.3932
1,2009,47.5046,42.9849
1,2009,33.6736,58.1258
1,2009,46.5851,43.2505
1,2009,47.5046,42.9849
1,2012,43.207283,43.561139
1,2009,47.1164,42.8214
1,2009,45.0477,43.3204
1,2009,47.655,42.3741
1,2009,47.6269,42.8496
1,2009,41.971,44.0839
1,2009,45.7477,43.3058
1,2009,47.0108,43.1725
1,2009,44.7646,43.2275
1,2010,47.25,43.22
1,2010,45.7263,43.0089
1,2010,46.8709,42.6879
1,2010,47.1164,42.8214
1,2010,43.5629,43.3932
1,2010,47.5046,42.9849
1,2010,47.5046,42.9849
1,2010,45.7477,43.3058
1,2010,38.7864,45.5407
1,2010,45.7057,43.01
1,2010,48.2908,42.059
1,2010,43.8396,43.468
1,2010,44.8106,43.2613
1,2010,45.6982,43.318
1,2010,44.7646,43.2275
1,2010,47.8711,42.5651
1,2010,46.1874,43.3054
1,2010,44.7646,43.2275
1,2010,45.0477,43.3204
1,2010,45.123,43.1373
1,2010,46.6895,43.208
1,2010,44.7646,43.2275
1,2010,46.7703,43.1932
1,2010,46.968292,42.561506
1,2010,46.685,43.318
1,2010,46.5851,43.2505
1,2010,45.5154,43.0708
1,2010,44.8279,43.1911
1,2010,48.181459,42.062287
1,2010,45.3586,43.0952
1,2010,43.6071,43.4846
3,2010,37.6173,55.7558
1,2010,46.2469,43.1258
1,2010,46.7233,43.8485
1,2010,43.6071,43.4846
1,2010,43.5629,43.3932
1,2010,48.2908,42.059
1,2010,44.9094,43.3056
1,2010,44.8279,43.1911
1,2010,45.201,43.1627
1,2010,43.6071,43.4846
1,2010,47.565,42.5648
1,2010,45.5913,43.6009
1,2010,45.468,43.0975
1,2010,47.5046,42.9849
1,2010,45.0477,43.3204
1,2010,46.7297,43.2678
1,2010,43.8396,43.468
1,2010,45.9068,42.9624
1,2010,47.5046,42.9849
1,2010,44.7646,43.2275
1,2010,43.6071,43.4846
1,2010,46.8337,43.9384
1,2010,44.8887,43.1933
1,2010,46.5737,43.0951
1,2010,45.8263,43.2953
1,2010,45.8263,43.2953
1,2010,43.7017,43.5055
1,2010,48.2908,42.059
1,2010,46.2526,43.2227
1,2010,47.6367,42.8916
1,2010,43.535,43.6819
1,2010,47.5046,42.9849
1,2010,46.484626,43.121708
1,1990,49.88222,40.39528
1,2010,45.6982,43.318
1,2010,45.9901,43.1117
1,2010,43.6071,43.4846
1,2010,45.6213,43.1609
1,2010,46.6811,43.3147
1,2010,47.5046,42.9849
1,2010,44.5902,43.5096
1,2010,47.613,42.708
1,2010,47.4351,42.632
1,2010,44.5902,43.5096
1,2010,47.5046,42.9849
1,2010,48.3482,41.6175
3,2010,44.5902,43.5096
1,2010,44.8358,43.2854
1,2010,46.5851,43.2505
1,2010,45.7477,43.3058
1,2010,48.2908,42.059
1,2010,48.2908,42.059
1,2010,46.5851,43.2505
1,2010,46.0671,42.9526
1,2010,46.8512,43.3432
1,2010,45.9901,43.1117
1,2010,48.2908,42.059
1,2010,45.9901,43.1117
1,2010,45.3586,43.0952
1,2010,47.2582,42.6185
1,2010,47.613,42.708
1,2010,48.2908,42.059
1,2010,47.5046,42.9849
1,2010,45.3014,43.2911
1,1995,45.7477,43.3058
1,2010,44.7646,43.2275
1,2010,46.6805,43.9021
1,2010,43.4549,43.672
1,2010,43.8396,43.468
1,2010,40.0807,44.6104
1,2010,47.613,42.708
1,2010,47.5046,42.9849
1,2012,45.65,44.6602
1,2010,45.6982,43.318
1,2010,46.5851,43.2505
1,2011,40.1367,44.4974
1,2010,46.5851,43.2505
1,2010,47.0886,42.7347
1,2010,46.0174,42.9705
1,2010,45.0477,43.3204
1,2010,43.6071,43.4846
1,2010,43.8576,43.5577
1,2010,46.071808,43.038462
1,2010,47.5046,42.9849
1,2010,45.7057,43.01
1,2010,46.8597,43.3036
1,2010,47.0295,43.9444
1,2010,47.0304,43.943
1,2010,45.7057,43.01
1,2010,46.852541,43.8981
1,2010,43.5316,43.6571
1,2010,44.8279,43.1911
1,2010,47.6367,42.8916
1,2010,47.5046,42.9849
1,2010,44.5902,43.5096
1,2010,46.5851,43.2505
1,2010,45.6982,43.318
1,2010,46.8974,43.1953
1,2010,44.7646,43.2275
3,2010,47.565,42.5648
1,2010,46.7233,43.8485
1,2010,46.5851,43.2505
1,2011,46.9169,43.2684
1,2010,45.6982,43.318
1,2010,43.535,43.6819
1,2010,43.216667,43.9
1,2010,45.6982,43.318
1,2012,47.5046,42.9849
1,2010,44.8358,43.2854
1,2010,42.6388,44.1848
1,2010,47.6269,42.8496
1,2010,47.5046,42.9849
1,2004,46.5851,43.2505
1,2010,44.8358,43.2854
1,2010,47.6269,42.8496
1,2010,46.6442,43.3543
1,2010,44.7646,43.2275
1,2010,47.5046,42.9849
1,2010,46.9611,42.3879
1,2010,46.5851,43.2505
1,2010,47.289179,42.633812
1,2010,47.6269,42.8496
1,2010,43.6071,43.4846
1,2010,47.9205,41.7844
1,2010,43.8557,43.4703
3,2010,44.6819,43.0206
1,2010,47.1164,42.8214
1,2010,47.5046,42.9849
1,2010,48.2908,42.059
1,2003,45.9901,43.1117
1,2010,45.0893,43.1371
1,2010,43.6071,43.4846
1,2010,47.637895,42.330562
1,2010,46.5851,43.2505
1,2010,46.8729,43.2038
1,2010,45.7057,43.01
1,2010,47.5046,42.9849
1,2010,45.9323,42.7585
1,2010,44.916,43.2821
1,2010,45.9924,42.4343
1,2010,47.6367,42.8916
1,2010,46.8421,43.2349
1,2010,45.6982,43.318
1,2010,46.0671,42.9526
1,2010,47.5046,42.9849
1,2010,45.7477,43.3058
1,2000,45.7477,43.3058
1,2010,42.9214,43.3982
1,2010,47.5046,42.9849
1,2010,47.6367,42.8916
1,2010,42.9214,43.3982
1,2010,47.5046,42.9849
1,2011,47.565,42.5648
1,2010,44.7646,43.2275
1,2010,44.904,43.1857
1,2010,46.1,42.533333
1,2010,48.2908,42.059
1,2010,45.6982,43.318
1,2012,44.7646,43.2275
1,2010,46.5851,43.2505
1,2010,45.6982,43.318
1,2010,46.8974,43.1953
1,2010,44.7131,43.3562
1,2010,45.4801,43.1217
1,2010,46.5851,43.2505
1,2010,45.2864,43.1872
1,2010,45.4801,43.1217
1,2010,47.6367,42.8916
1,2010,45.6982,43.318
1,2010,47.6367,42.8916
1,2010,42.9214,43.3982
1,2010,47.8711,42.5651
1,2010,47.1164,42.8214
1,2010,44.8358,43.2854
1,2010,47.5046,42.9849
1,2011,47.5046,42.9849
1,2010,45.6982,43.318
1,2010,44.7646,43.2275
1,2010,46.7274,43.2741
1,2010,47.5046,42.9849
1,2010,43.535,43.6819
1,2010,46.6805,43.9021
1,2010,44.7646,43.2275
1,2010,43.6071,43.4846
1,2010,46.6805,43.9021
1,2010,46.9363,43.2215
1,2010,46.1,42.533333
3,2011,44.8061,43.7114
1,2010,43.8576,43.5577
1,2010,47.1961,42.7556
3,2010,43.5629,43.3932
1,2010,45.0893,43.1371
1,2010,47.5046,42.9849
1,2010,48.2908,42.059
1,2010,47.5046,42.9849
3,2010,43.5626,43.5301
1,2011,45.7477,43.3058
1,2011,47.5046,42.9849
3,2011,43.5538,43.4976
1,2011,46.5851,43.2505
1,2011,45.6982,43.318
3,2011,43.4549,43.672
1,2011,46.7421,43.6603
1,2011,45.5446,42.9106
1,2011,43.5426,43.5318
1,2011,46.6805,43.9021
1,2011,46.6805,43.9021
1,2011,46.5851,43.2505
1,2012,46.5851,43.2505
1,2011,47.5046,42.9849
1,2011,43.5866,43.5671
1,2011,43.5866,43.5671
1,2011,42.0468,44.2269
1,2011,43.535,43.6819
1,2011,44.7646,43.2275
1,2004,46.1035,43.3519
1,2011,43.6071,43.4846
1,2011,47.9784,41.9886
1,2011,46.5851,43.2505
1,2011,45.756,42.8625
1,2011,46.8729,43.2038
1,2011,46.5851,43.2505
1,2011,43.6071,43.4846
1,2011,44.8061,43.7114
1,2011,41.9404,44.413
1,2011,43.6071,43.4846
1,2011,46.5851,43.2505
1,2011,43.0418,43.4639
1,2011,46.8729,43.2038
1,2011,43.5866,43.5671
1,2011,43.6071,43.4846
1,2011,44.702,43.3476
1,2011,44.7646,43.2275
1,2011,44.0592,43.5755
1,2011,43.6071,43.4846
1,2011,47.5046,42.9849
1,2011,43.5626,43.5301
1,2011,46.8709,42.6879
1,2011,45.4801,43.1217
1,2011,43.6071,43.4846
1,2011,47.5046,42.9849
1,2011,47.5046,42.9849
1,2011,45.468,43.0975
1,2011,45.201,43.1627
1,2011,45.502595,43.758406
1,2011,43.6071,43.4846
1,2011,44.702,43.3476
1,2011,44.702,43.3476
1,2011,44.702,43.3476
1,2011,43.535,43.6819
1,2011,47.5046,42.9849
1,2011,44.702,43.3476
1,2011,46.0617,42.7443
3,2011,42.7536,44.0203
1,2011,44.9949,43.0273
1,2011,45.9551,42.1941
1,2011,45.0893,43.1371
1,2011,47.1717,42.408
1,2011,45.756,42.8625
1,2011,47.5046,42.9849
1,2011,47.6367,42.8916
1,2011,40.1367,44.4974
1,2011,45.903,43.1445
1,2011,46.5851,43.2505
1,2011,43.6071,43.4846
1,2011,46.1739,42.5616
1,2011,47.5046,42.9849
1,2011,46.0671,42.9526
1,2011,46.7233,43.8485
1,2011,47.655,42.3741
1,2011,47.637895,42.330562
1,2011,46.5851,43.2505
1,2011,47.0304,43.943
1,2011,47.8711,42.5651
1,2011,47.5046,42.9849
1,2011,47.6269,42.8496
1,2011,47.2582,42.6185
1,2011,46.5851,43.2505
1,2011,45.5446,42.9106
1,2011,47.5894,42.6099
1,2011,44.7646,43.2275
1,2011,42.813539,43.356644
1,2012,44.8061,43.7114
1,2011,46.5851,43.2505
1,2011,46.8597,43.3036
1,2011,47.613,42.708
1,2011,43.8576,43.5577
1,2011,46.7233,43.8485
1,2011,47.5046,42.9849
1,2011,43.6071,43.4846
1,2011,43.6071,43.4846
1,2011,44.4291,43.1199
1,2011,47.6367,42.8916
1,2012,47.5046,42.9849
1,2011,45.4801,43.1217
1,2011,46.7233,43.8485
1,2011,48.1245,42.171
1,2011,43.535,43.6819
1,2011,47.6818,42.7244
1,2011,47.5046,42.9849
3,2011,47.290423,43.05096
1,2011,42.6884,43.2784
3,2011,37.6173,55.7558
1,2011,45.1342,43.218
1,2011,47.655,42.3741
1,2011,45.468,43.0975
1,2011,47.6367,42.8916
1,2011,46.7276,43.2962
1,2011,46.6805,43.9021
1,2011,42.9214,43.3982
1,2011,42.813539,43.356644
1,2011,47.1164,42.8214
1,2011,46.8729,43.2038
1,2011,44.5895,43.4879
1,2011,43.5866,43.5671
1,2011,44.8203,43.4052
1,2011,43.6071,43.4846
1,2011,43.6071,43.4846
1,2011,46.8334,43.9799
1,2011,47.6629,42.4543
3,2011,38.7864,45.5407
1,2011,48.0653,42.1262
1,2011,44.9843,43.0808
1,2011,46.1377,42.9059
1,2011,47.5046,42.9849
1,2011,47.5046,42.9849
1,2011,46.1,42.533333
1,2011,45.4801,43.1217
1,2011,43.6071,43.4846
1,2011,47.6367,42.8916
1,2011,46.3212,42.1927
1,2012,43.6071,43.4846
1,2011,45.1714,43.2386
1,2011,46.5851,43.2505
1,2011,48.1939,42.1152
1,2011,43.535,43.6819
1,2011,43.8576,43.5577
1,2011,47.2884,42.6203
1,2011,44.7646,43.2275
1,2011,44.746127,43.187861
1,2011,43.5316,43.6571
1,2011,45.891667,42.195556
1,2011,47.5046,42.9849
1,2011,46.5851,43.2505
1,2011,45.8263,43.2953
1,2011,43.535,43.6819
1,2011,45.6982,43.318
1,2011,47.5046,42.9849
1,2011,45.9786,42.1888
1,2011,44.7646,43.2275
1,2011,48.2908,42.059
1,2011,48.2548,42.0626
1,2011,43.535,43.6819
1,2011,46.5225,43.1636
1,2011,43.535,43.6819
1,2011,45.0477,43.3204
1,2011,45.6982,43.318
1,2011,47.5046,42.9849
1,2011,47.5046,42.9849
1,2011,43.944,43.6621
1,2011,46.5851,43.2505
1,2011,46.7792,43.6012
1,2011,43.535,43.6819
1,2011,44.0109,43.7587
1,2012,45.7477,43.3058
1,2011,44.8279,43.1911
3,2011,45.9786,42.1888
1,2011,45.0893,43.1371
1,2011,43.0418,43.4639
1,2011,47.5046,42.9849
1,2011,47.1774,42.4166
1,2011,46.8729,43.2038
1,1990,49.88222,40.39528
1,2011,47.5046,42.9849
1,2011,47.858,42.353
1,2011,45.859951,42.224103
1,2011,45.0477,43.3204
1,2011,42.9214,43.3982
1,2011,44.7646,43.2275
1,2011,45.3586,43.0952
1,2011,45.1714,43.2386
1,2011,45.7127,42.9759
1,2011,46.7276,43.2962
1,2011,46.7792,43.6012
1,2011,46.8334,43.9799
1,2011,47.9019,41.8071
1,2011,46.5906,43.8138
1,2011,47.5046,42.9849
1,2011,45.8935,43.0203
1,2011,47.6367,42.8916
1,2011,42.9214,43.3982
1,2011,43.6071,43.4846
1,2011,45.903,43.1445
1,2011,45.5446,42.9106
1,2011,42.0468,44.2269
1,2011,43.6071,43.4846
1,2011,46.6805,43.9021
1,2011,46.6805,43.9021
1,2012,46.1832,42.9801
1,2011,46.6442,43.3543
1,2011,43.4549,43.672
1,2011,46.6467,43.2313
1,2011,47.6367,42.8916
1,2011,43.5629,43.3932
3,2000,45.7688,43.4432
1,2011,47.6367,42.8916
1,2011,42.5155,43.939
1,2011,43.5202,44.6681
1,2011,47.5046,42.9849
1,2012,44.8061,43.7114
1,2012,44.8061,43.7114
1,2012,44.8061,43.7114
1,2012,44.0109,43.7587
1,2012,43.6071,43.4846
1,2012,43.3803,43.646
1,2012,43.5629,43.3932
1,2012,46.9363,43.2215
1,2012,47.25,43.22
1,2012,46.9175,44.1084
1,2012,46.6895,43.208
1,2012,44.7115,43.1518
1,2012,43.6071,43.4846
1,2012,47.0304,43.943
1,2012,44.8279,43.1911
1,2012,46.585497,43.385241
1,2012,43.6071,43.4846
1,2012,47.5894,42.6099
1,2012,46.7297,43.2678
1,2012,47.6269,42.8496
1,2012,43.3803,43.646
1,2012,47.6269,42.8496
1,2012,43.8576,43.5577
1,2012,46.7297,43.2678
1,2012,43.8576,43.5577
3,2002,45.5348,43.2624
1,2012,45.756,42.8625
1,2012,47.6269,42.8496
1,2012,47.5046,42.9849
1,2012,44.8061,43.7114
1,2012,43.5762,43.4335
1,2012,47.5046,42.9849
1,2012,47.5652,42.7101
1,2012,44.5902,43.5096
1,2012,44.748,43.0568
1,2012,47.5046,42.9849
1,2012,46.1739,42.5616
1,2012,47.5046,42.9849
1,2012,44.748,43.0568
1,2012,43.5202,44.6681
1,2012,47.5046,42.9849
1,2012,46.5851,43.2505
1,1991,46.583333,40.0
1,2012,47.6061,42.4971
1,2012,44.7646,43.2275
1,2012,43.6071,43.4846
1,2012,43.6071,43.4846
1,2012,45.7477,43.3058
1,2012,47.5046,42.9849
1,2012,47.5046,42.9849
1,2012,46.6442,43.3543
1,2012,47.1164,42.8214
1,2012,46.5851,43.2505
1,2012,43.6071,43.4846
1,2012,46.412,43.2914
1,2012,47.4351,42.632
1,2012,47.6367,42.8916
1,2012,47.613,42.708
1,2012,46.4136,43.222
1,2012,47.4351,42.632
1,2012,44.5902,43.5096
1,2012,47.5046,42.9849
1,2012,46.8337,43.9384
1,2012,47.8711,42.5651
1,2012,47.5046,42.9849
1,2012,42.9512,44.087
1,2012,47.5046,42.9849
1,2012,45.2623,43.0318
1,2012,44.9949,43.0273
1,2012,45.3032,43.395
1,2012,43.5246,43.7171
1,2012,45.6982,43.318
1,2012,43.6071,43.4846
1,2012,47.5046,42.9849
1,2012,43.535,43.6819
1,2012,43.535,43.6819
1,2012,42.482,43.9385
1,2012,45.6982,43.318
1,2012,46.5851,43.2505
1,2012,46.2423,42.9682
1,2012,47.5046,42.9849
1,2012,47.5046,42.9849
1,2012,43.5246,43.7171
1,2012,47.9166,41.961874
1,2012,46.1739,42.5616
1,2012,45.0477,43.3204
1,2012,44.7646,43.2275
1,2012,43.5629,43.3932
1,2012,43.8576,43.5577
1,2012,43.6071,43.4846
1,2012,46.6805,43.9021
1,2012,47.5046,42.9849
1,2012,47.6367,42.8916
1,2012,46.5851,43.2505
1,2012,43.4462,43.7752
1,2012,47.2983,42.6306
1,2012,44.7907,43.8588
1,2012,46.1602,43.0411
1,2012,47.5046,42.9849
1,2012,43.6071,43.4846
1,2012,43.6071,43.4846
1,2012,48.0284,41.9242
1,2012,46.6442,43.3543
1,2012,47.6367,42.8916
1,2012,47.5046,42.9849
1,2007,45.756,42.8625
1,2012,43.6071,43.4846
1,2012,45.1003,43.0309
1,2012,47.5046,42.9849
1,2012,43.5762,43.4335
1,2012,47.7153,43.975
1,2012,45.9055,42.2635
1,2012,48.2002,42.0407
1,2012,44.9843,43.0808
1,2012,47.1164,42.8214
1,2012,43.6529,43.3715
1,2012,44.5902,43.5096
1,2012,46.2463,42.7181
1,2012,48.0084,42.0222
1,2012,46.5851,43.2505
1,2012,47.6269,42.8496
1,2012,44.6485,43.2281
1,2012,44.5902,43.5096
1,2012,47.5046,42.9849
1,2012,49.0661,55.8304
1,2012,47.5046,42.9849
1,2012,47.92,41.8
1,2012,45.9055,42.2635
1,2012,46.7792,43.6012
1,2012,46.5851,43.2505
1,2012,45.201,43.1627
1,2012,44.5902,43.5096
1,2012,47.5046,42.9849
1,2012,46.6305,42.8136
1,2012,46.8974,43.1953
1,2012,43.5629,43.3932
1,2012,47.5894,42.6099
1,2012,43.6071,43.4846
1,2012,45.0477,43.3204
1,2012,46.6806,43.8611
1,2012,45.7971,42.2209
1,2012,46.5851,43.2505
1,2012,47.1164,42.8214
1,2012,44.8203,43.4052
1,2012,46.0671,42.9526
1,2012,47.5046,42.9849
1,2012,45.1003,43.0309
1,2012,47.6697,42.305
1,2012,46.8729,43.2038
1,2012,47.1164,42.8214
1,2012,46.661,43.1831
1,2012,46.661,43.1831
1,2012,47.5046,42.9849
1,2012,44.746127,43.187861
1,2012,46.5851,43.2505
1,2012,43.1955,43.7405
1,2012,47.1164,42.8214
1,2012,45.0131,42.9801
1,2012,46.5851,43.2505
1,2012,46.5851,43.2505
1,2012,46.5851,43.2505
1,2012,43.9009,43.7155
1,2012,47.565,42.5648
1,2012,46.8709,42.6879
1,2012,47.1164,42.8214
1,2012,42.9214,43.3982
1,2012,47.5046,42.9849
1,2012,47.5046,42.9849
1,2012,44.6533,43.192
1,2012,47.5046,42.9849
1,2012,46.8597,43.3036
1,2009,44.8358,43.2854
1,2009,46.9363,43.2215
1,2009,45.5348,43.2624
1,2009,45.6982,43.318
1,2009,47.0886,42.7347
1,2011,44.5895,43.4879
3,2000,45.6982,43.318
1,2011,45.3014,43.2911
1,2012,45.1003,43.0309
1,2005,45.6982,43.318
1,2005,47.6269,42.8496
1,2008,46.1134,42.9595
1,2009,45.3586,43.0952
1,2009,45.300046,43.131672
1,2008,43.6071,43.4846
1,2008,44.6918,43.4161
1,2007,43.6071,43.4846
1,2005,46.403923,43.239643
1,2005,46.0847,43.6685
1,2009,45.201,43.1627
1,2009,45.6982,43.318
1,2005,46.8729,43.2038
1,2005,45.2623,43.0318
1,2005,45.7477,43.3058
1,2007,46.3445,43.4375
1,2008,44.5895,43.4879
1,2009,45.0893,43.1371
1,2009,46.8285,43.0828
1,2008,44.9949,43.0273
1,2008,46.3769,43.0964
1,2009,45.7361,42.836
1,2009,45.7477,43.3058
1,1991,46.489444,40.388889
1,2010,44.904,43.1857
1,2010,46.3445,43.4375
1,2005,47.6367,42.8916
1,2005,43.6071,43.4846
1,2005,45.0492,43.2382
1,2007,45.7477,43.3058
1,2010,43.6071,43.4846
1,2010,45.201,43.1627
1,1991,46.583333,40.0
2,1989,71.25,40.5
1,1991,46.583333,40.0
1,1991,46.583333,40.0
2,1991,44.500374,42.411502
3,1991,46.389444,40.460278
3,1991,24.106389,56.948889
1,1991,46.583333,40.0
2,1991,44.0,42.35
2,1991,43.966667,42.233333
3,1991,25.283333,54.683333
3,1991,24.106389,56.948889
3,1991,25.283333,54.683333
3,1991,25.283333,54.683333
2,1990,45.482023,39.337716
2,1989,46.583333,40.0
2,1991,43.871804,42.191453
2,1991,43.966667,42.233333
1,1990,45.0,40.25
1,1990,46.395,40.464444
2,1990,46.583333,40.0
1,1991,45.0575,41.064722
1,1991,46.583333,40.0
1,1991,46.583333,40.0
1,1991,46.75318,39.81744
2,1991,43.960831,42.1975
2,1991,44.291613,42.076135
2,1991,44.0,42.35
2,1991,44.0,42.35
2,1991,44.0,42.35
2,1991,43.966667,42.233333
2,1991,43.773369,42.194148
2,1991,44.0,42.35
2,1991,43.966667,42.233333
2,1991,44.0,42.35
2,1991,44.0,42.35
2,1991,43.966667,42.233333
2,1990,49.88222,40.39528
3,1991,24.106389,56.948889
1,1990,49.88222,40.39528
1,1990,49.246944,39.358611
1,1990,48.844407,38.753198
1,1990,45.482023,39.337716
1,1990,45.0,40.25
1,1990,46.583333,40.0
1,1991,46.583333,40.0
1,1991,46.583333,40.0
1,1991,46.583333,40.0
1,1991,46.583333,40.0
1,1991,46.583333,40.0
1,1991,46.5178,40.1678
1,1991,46.47341,40.462513
1,1991,46.583333,40.0
1,1991,46.583333,40.0
1,1995,45.6907,42.8707
1,2001,45.7477,43.3058
1,1995,45.7477,43.3058
1,2004,46.0708,43.1194
1,1994,45.5214,43.5743
1,1994,45.6998,43.3847
1,1994,45.6982,43.318
1,1994,45.6982,43.318
1,1995,44.8203,43.4052
1,2004,44.8203,43.4052
1,1995,45.6982,43.318
1,1995,46.1035,43.3519
1,1995,46.1268,42.956
1,1995,46.1035,43.3519
1,1995,45.3094,43.6499
1,1995,46.4136,43.222
1,1995,45.201,43.1627
1,1994,45.6982,43.318
1,1995,45.7477,43.3058
1,1995,45.901,43.1488
1,1995,45.8724,43.2917
1,1995,45.7477,43.3058
1,1995,45.9901,43.1117
1,1995,46.3769,43.0964
1,2004,46.1134,42.9595
1,1995,46.3554,43.253
1,1995,45.6982,43.318
1,1995,45.6982,43.318
1,1995,46.3902,43.2156
1,1995,45.6982,43.318
1,1995,45.2864,43.1872
1,1995,45.6982,43.318
1,1995,45.6982,43.318
1,1995,46.4556,43.2849
1,1995,45.901,43.1488
1,1995,45.3014,43.2911
1,1995,45.5278,43.4009
1,1995,46.7059,42.5437
1,1995,44.1464,44.7859
1,1995,45.1714,43.2386
1,2003,47.6269,42.8496
1,1995,44.1403,43.4839
1,1996,45.6873,42.872
1,1996,47.6269,42.8496
1,1996,45.7477,43.3058
1,2004,46.0078,43.1618
1,1995,45.6982,43.318
1,2000,46.1035,43.3519
1,1993,37.6173,55.7558
1,1995,46.3045,43.0868
3,2001,45.0,49.7605
1,1996,45.6873,42.872
1,1995,45.6982,43.318
1,2004,44.9951,43.1843
3,2000,45.5348,43.2624
1,1995,45.3024,43.29
1,1995,46.0051,43.1591
1,1995,45.7477,43.3058
1,1995,45.7477,43.3058
1,1995,45.7477,43.3058
1,1995,45.9901,43.1117
3,2000,46.1949,43.221
1,2003,45.7477,43.3058
1,1993,37.6173,55.7558
1,1995,45.6982,43.318
1,1995,45.6982,43.318
1,2001,45.770809,43.296892
1,1995,45.7477,43.3058
1,2001,45.7477,43.3058
1,2004,45.6982,43.318
1,2004,45.5702,42.6867
1,2004,45.6982,43.318
3,2000,45.7435,43.087
1,1993,37.6173,55.7558
1,1993,37.6173,55.7558
1,1993,37.6173,55.7558
1,1995,45.5638,43.2286
1,1993,37.6173,55.7558
3,2001,45.7477,43.3058
3,2001,45.7477,43.3058
3,2002,45.7477,43.3058
1,2004,45.6982,43.318
1,2004,45.6982,43.318
1,2001,45.7477,43.3058
1,2001,45.6982,43.318
1,2004,45.6982,43.318
1,2001,46.1602,43.0411
1,1996,46.1949,43.221
1,2004,46.0078,43.1618
1,2004,45.0477,43.3204
1,2004,42.0468,44.2269
1,1995,45.7477,43.3058
1,1995,45.7477,43.3058
3,2001,45.7477,43.3058
1,1995,45.7477,43.3058
1,2001,45.7477,43.3058
1,2001,45.7477,43.3058
1,2003,44.8203,43.4052
3,2000,45.7477,43.3058
1,1999,41.9691,45.0445
1,2003,46.1134,42.9595
1,2004,46.1475,42.9972
3,2000,45.7477,43.3058
1,2003,45.6982,43.318
3,2001,45.8318,43.1905
1,1995,45.6982,43.318
1,1995,45.7477,43.3058
1,2004,45.6982,43.318
1,2004,47.5046,42.9849
3,2000,45.5406,43.1276
1,1994,45.7477,43.3058
1,2000,46.3769,43.0964
1,2003,45.8724,43.2917
3,2004,45.7477,43.3058
1,1995,45.7477,43.3058
1,2001,45.7477,43.3058
1,2004,46.1475,42.9972
1,1993,37.6173,55.7558
1,2004,45.9901,43.1117
1,2004,44.7646,43.2257
1,1995,45.9085,43.2503
1,1993,37.6173,55.7558
1,1995,45.6527,43.064
1,2004,45.6982,43.318
1,2003,45.6317,42.8401
3,2004,46.252382,43.263623
1,1995,45.7477,43.3058
1,1995,45.7477,43.3058
1,1995,45.7477,43.3058
1,2001,45.7477,43.3058
1,2003,46.0019,43.2425
1,2003,45.599594,43.087184
3,2002,45.7477,43.3058
1,2004,46.2563,43.3513
1,1996,45.7477,43.3058
1,2003,46.3603,43.0236
1,2003,44.9843,43.0808
1,1995,45.7477,43.3058
1,2001,45.7477,43.3058
1,2001,45.6982,43.318
1,2004,45.9184,42.6741
1,2004,45.3874,43.2274
1,2004,45.9202,43.1871
1,2004,46.0019,43.2425
1,2004,47.5046,42.9849
1,2001,45.7477,43.3058
1,2004,46.0671,42.9526
1,2001,45.7477,43.3058
1,1993,37.6173,55.7558
1,2003,44.9893,43.3061
1,2004,45.756,42.8625
1,2004,45.4501,42.7077
1,2004,45.4501,42.7077
1,2004,45.6982,43.318
1,2004,46.2444,43.1253
1,2004,45.9184,42.6741
1,1995,45.6982,43.318
1,1995,45.201,43.1627
1,2004,46.3603,43.0236
1,2004,46.3603,43.0236
1,2004,45.901,43.1488
1,2004,44.8035,44.1874
1,2004,45.6982,43.318
1,2001,45.7477,43.3058
1,1996,45.6982,43.318
1,1995,45.7477,43.3058
1,1995,45.3282,43.1264
1,1995,46.3769,43.0964
1,2004,44.6918,43.4161
3,2002,46.0019,43.2425
3,2002,45.8938,43.177
1,2004,45.6982,43.318
1,1995,45.468,43.0975
1,1995,45.7477,43.3058
1,1995,45.7477,43.3058
1,1995,45.7477,43.3058
1,2003,44.6571,43.7472
3,2002,44.9158,43.6012
1,2004,46.0297,43.0422
1,2004,45.8,42.963
1,2004,45.756,42.8625
1,1994,45.6982,43.318
1,1995,45.2623,43.0318
1,1995,45.2623,43.0318
1,1995,45.6982,43.318
1,1996,45.7477,43.3058
1,2004,46.0671,42.9526
3,2002,45.7477,43.3058
1,1999,47.6269,42.8496
1,1995,45.6982,43.318
1,1995,45.7477,43.3058
1,2001,45.7477,43.3058
1,2001,44.8203,43.4052
1,2004,46.15,43.1859
1,2004,45.901,43.1488
1,2004,45.3014,43.2911
1,2004,45.6982,43.318
1,1995,45.7477,43.3058
1,2004,45.6982,43.318
1,2004,45.6982,43.318
1,1994,45.6982,43.318
1,1995,45.201,43.1627
1,1994,45.6982,43.318
1,1994,45.6982,43.318
1,1995,45.6982,43.318
1,1995,45.123,43.1373
1,1995,45.6982,43.318
1,1995,45.6982,43.318
1,1996,45.6982,43.318
1,1994,45.6982,43.318
1,1995,45.201,43.1627
1,1995,45.6982,43.318
1,1996,45.9952,43.3222
1,2004,44.6819,43.0206
1,1995,45.7477,43.3058
1,2001,45.7477,43.3058
1,2001,45.8724,43.2917
1,2004,45.5154,43.0708
1,2004,46.2881,43.038
1,2004,45.8724,43.2917
3,2001,46.0947,43.4399
3,2002,45.2623,43.0318
1,1995,45.7477,43.3058
1,2004,44.8538,43.1453
1,2003,45.7874,43.2001
1,2004,46.0617,42.7443
1,2004,44.6918,43.4161
1,2000,45.6982,43.318
1,2003,45.125,43.6777
1,2003,45.6982,43.318
1,2004,47.6269,42.8496
1,2004,45.7127,42.9759
3,2001,46.3769,43.0964
1,1995,45.6982,43.318
1,1995,45.7477,43.3058
3,2001,45.3014,43.2911
1,1995,45.6982,43.318
1,1995,45.2864,43.1872
1,1995,45.6982,43.318
1,2004,45.7477,43.3058
3,2002,46.15,43.1859
1,1995,45.7477,43.3058
1,2001,45.7477,43.3058
1,2000,45.6982,43.318
1,2004,45.6982,43.318
1,2004,46.0174,42.9705
1,2004,45.6982,43.318
3,2001,45.9901,43.1117
3,1996,45.6213,43.1609
1,2001,45.6982,43.318
1,1995,45.7477,43.3058
1,2004,44.8538,43.1453
1,2004,44.6485,43.2281
1,2004,45.6982,43.318
1,2004,44.5895,43.4879
1,2000,45.6982,43.318
1,1994,45.6982,43.318
1,1995,46.1134,42.9595
1,1995,46.1035,43.3519
3,2001,46.3554,43.253
3,2001,46.2837,43.2153
1,1995,45.7477,43.3058
1,1995,45.1714,43.2386
1,1995,45.6982,43.318
1,1996,45.6982,43.318
1,1996,45.6982,43.318
1,1994,45.7477,43.3058
1,1995,45.7477,43.3058
1,1995,45.7477,43.3058
1,2003,45.7477,43.3058
1,2003,45.7477,43.3058
1,2001,45.6982,43.318
1,2004,45.3874,43.2274
1,2004,47.5046,42.9849
1,2004,45.6982,43.318
3,2001,45.6982,43.318
3,1996,45.6982,43.318
3,2001,45.6982,43.318
1,1995,45.6873,42.872
1,1996,45.201,43.1627
1,2004,45.6982,43.318
1,1995,45.7477,43.3058
1,2004,45.7477,43.3058
1,2000,45.8724,43.2917
1,2004,44.7646,43.2257
1,2004,46.5851,43.2505
3,1996,45.6982,43.318
3,2001,46.0879,43.202
1,2000,45.6982,43.318
1,2000,46.3769,43.0964
1,2000,46.1134,42.9595
1,1996,45.6982,43.318
1,2001,45.6982,43.318
1,1995,44.1464,44.7859
1,2003,45.6982,43.318
1,2004,44.8203,43.4052
1,2004,44.8203,43.4052
1,2004,47.5046,42.9849
1,1995,45.7477,43.3058
1,2004,46.1268,42.956
1,2004,45.6982,43.318
1,2003,45.6982,43.318
1,2004,45.7477,43.3058
1,2000,46.1035,43.3519
1,2004,43.2071,44.4039
1,2004,45.8724,43.2917
3,2001,46.0019,43.2425
1,2000,45.468,43.0975
1,2004,45.5406,43.1276
1,2004,45.901,43.1488
1,1995,45.6982,43.318
1,2004,46.7233,43.8485
1,1999,47.6269,42.8496
3,1999,47.2582,42.6185
1,2004,45.7477,43.3058
1,2004,45.7477,43.3058
1,1995,45.6982,43.318
1,1995,45.6982,43.318
1,1995,45.201,43.1627
1,1995,45.6982,43.318
3,2001,45.6982,43.318
1,2004,46.0671,42.9526
1,1995,45.7477,43.3058
1,2000,45.6982,43.318
1,2004,44.7646,43.2257
1,2004,45.468,43.0975
3,1999,45.4208,43.2621
1,2004,45.901,43.1488
1,2004,45.7477,43.3058
1,1995,45.6982,43.318
1,1995,45.7477,43.3058
3,1999,45.6982,43.318
3,1999,45.6982,43.318
1,1999,45.7057,43.01
1,2003,45.5406,43.1276
1,2004,45.6982,43.318
1,1995,45.6982,43.318
1,2001,46.1035,43.3519
1,2001,45.6982,43.318
1,1995,45.6982,43.318
1,1999,47.2884,42.6203
1,2004,45.6982,43.318
1,1995,45.7477,43.3058
1,2004,45.7477,43.3058
1,2004,44.8414,43.2602
1,2004,46.1456,43.1127
3,1999,45.6982,43.318
3,1999,45.6982,43.318
1,2004,46.3338,43.5043
3,1999,45.6982,43.318
1,2004,45.7625,43.2524
1,1995,45.6982,43.318
1,1995,45.468,43.0975
1,1996,45.6982,43.318
1,1999,47.6269,42.8496
1,2004,46.0847,43.6685
1,2003,46.1134,42.9595
1,2000,45.6982,43.318
1,1995,45.7415,43.123
1,1995,45.7477,43.3058
1,2004,44.8203,43.4052
1,2003,44.0857,42.3512
1,1995,47.6269,42.8496
1,2004,44.7646,43.2257
1,2004,46.1035,43.3519
1,2004,45.6982,43.318
1,1995,45.7477,43.3058
1,2004,44.9843,43.0808
1,1995,44.0857,42.3512
1,1995,45.6982,43.318
1,1996,41.9691,45.0445
1,2004,47.6269,42.8496
1,2004,46.043289,43.214453
1,1995,45.7477,43.3058
1,2003,46.1134,42.9595
1,2004,46.0078,43.1618
1,2004,43.6071,43.4846
3,1999,45.8855,43.5028
3,2004,44.5338,43.1938
3,2004,45.1714,43.2386
1,1999,47.6269,42.8496
1,2004,46.1475,42.9972
1,2004,45.6982,43.318
1,2004,45.3014,43.2911
1,1995,45.7477,43.3058
3,1999,45.3874,43.2274
1,2004,46.0671,42.9526
1,2004,46.0847,43.6685
1,1995,46.1134,42.9595
1,2004,45.7477,43.3058
1,2003,45.901,43.1488
1,2004,45.7477,43.3058
1,1995,45.7477,43.3058
1,2004,45.7477,43.3058
1,2004,45.7625,43.2524
1,2004,46.1923,42.9491
1,2004,45.7625,43.2524
1,2004,47.6269,42.8496
3,2000,45.6982,43.318
3,2000,45.6982,43.318
1,1996,45.7477,43.3058
1,1996,45.7736,42.4894
1,1995,45.6982,43.318
1,2004,45.8938,43.177
1,2004,45.7756,43.1321
1,1995,45.7477,43.3058
1,2004,45.7477,43.3058
1,1996,45.6982,43.318
1,2004,45.6982,43.318
1,1995,45.7477,43.3058
1,1996,44.8203,43.4052
1,2001,45.6982,43.318
1,2004,45.7435,43.087
3,2000,45.6982,43.318
1,2004,46.2837,43.2153
3,2000,45.6982,43.318
3,2000,45.5638,43.2286
3,2002,46.0879,43.202
1,1996,45.6982,43.318
1,2004,46.0847,43.6685
1,1996,45.7477,43.3058
1,1995,45.4065,43.0961
1,1995,45.6982,43.318
3,1996,45.7477,43.3058
1,2004,45.6982,43.318
1,2000,45.603889,43.060278
1,1995,45.7477,43.3058
1,1995,45.6873,42.872
1,1995,45.123,43.1373
1,2001,45.6982,43.318
1,2001,46.0553,43.0211
1,2004,45.5406,43.1276
1,2004,45.901,43.1488
1,1995,46.0879,43.202
1,1995,46.0879,43.202
1,2000,45.7477,43.3058
1,2004,46.0528,42.9644
1,1995,45.7477,43.3058
1,1996,45.7477,43.3058
3,1999,45.7477,43.3058
1,2001,45.9068,42.9624
1,2004,45.3659,43.1683
1,2004,46.0078,43.1618
3,2000,45.5214,43.5743
1,1996,45.6982,43.318
1,1996,45.6982,43.318
1,1996,45.7477,43.3058
1,2004,45.8724,43.2917
1,2004,46.5906,43.8138
1,2001,46.1905,42.9475
1,2001,45.6982,43.318
1,2001,46.1134,42.9595
1,2004,45.3659,43.1683
3,2000,45.6982,43.318
3,2002,46.2837,43.2153
3,2002,46.1949,43.221
3,2002,44.9094,43.3056
1,1995,45.6982,43.318
3,1999,45.7477,43.3058
3,1999,44.8203,43.4052
1,1996,45.6982,43.318
1,2004,46.3445,43.4375
1,1995,45.7477,43.3058
1,1994,45.6982,43.318
1,1994,45.6982,43.318
1,1994,45.6982,43.318
1,1995,45.6982,43.318
1,1995,45.6982,43.318
1,2000,45.6982,43.318
1,1995,45.7477,43.3058
1,1996,45.7477,43.3058
1,2003,45.9901,43.1117
1,2004,45.6982,43.318
1,2004,46.131,43.2038
3,2000,45.4065,43.0961
3,2000,45.3874,43.2274
3,2000,45.468,43.0975
3,2000,45.4208,43.2621
3,1995,45.2864,43.1872
1,2004,44.8203,43.4052
1,1995,45.6982,43.318
1,1995,45.7477,43.3058
1,1996,46.0671,42.9526
3,2002,45.5406,43.1276
1,1996,45.7477,43.3058
1,2003,45.6982,43.318
1,2004,46.1905,42.9475
1,2001,45.6982,43.318
3,1999,45.7477,43.3058
1,2000,45.7477,43.3058
1,2004,46.249,43.2223
1,1995,45.6982,43.318
1,2000,45.7477,43.3058
1,1996,45.6982,43.318
1,1995,45.7477,43.3058
3,1999,47.6269,42.8496
1,2001,46.1134,42.9595
1,2004,46.3108,42.9809
1,2004,45.5406,43.1276
3,2002,45.6982,43.318
3,2002,45.7757,43.1336
3,1999,45.7477,43.3058
1,1999,44.8203,43.4052
1,2003,45.6982,43.318
1,2004,45.6982,43.318
1,1996,46.1035,43.3519
1,1995,45.9085,43.2503
3,2000,45.6982,43.318
1,1995,45.7477,43.3058
1,1995,45.7477,43.3058
1,1995,45.7477,43.3058
1,1995,45.6982,43.318
1,2000,45.7477,43.3058
1,1996,45.7477,43.3058
1,1996,45.7477,43.3058
1,1995,45.3014,43.2911
1,2003,44.8131,43.1688
1,1996,45.6982,43.318
1,1996,45.6982,43.318
1,1995,45.7477,43.3058
1,1996,45.7477,43.3058
1,2004,46.1905,42.9475
1,2004,44.904,43.1857
3,2000,45.6982,43.318
3,2002,45.7874,43.2001
3,2002,46.4329,43.8403
3,2002,44.8035,44.1874
1,1995,45.6982,43.318
1,1996,45.7477,43.3058
1,1995,45.7477,43.3058
1,2004,44.8106,43.2613
1,2004,44.7326,43.3692
1,2004,45.6982,43.318
3,2000,45.6982,43.318
1,1996,45.6982,43.318
1,1999,47.6269,42.8496
1,2001,45.7477,43.3058
3,2000,45.7477,43.3058
3,2000,45.7477,43.3058
1,2003,45.5406,43.1276
1,2003,45.6982,43.318
1,2004,45.8935,43.0203
1,1995,45.6982,43.318
1,1995,45.6982,43.318
1,2003,46.0078,43.1618
1,2001,46.1035,43.3519
1,1999,45.7477,43.3058
3,2000,45.7477,43.3058
1,2003,45.6982,43.318
1,2004,45.201,43.1627
1,2004,45.3586,43.0952
3,2002,46.3889,43.171
1,2003,45.6982,43.318
3,2002,45.7874,43.2001
1,1995,45.6982,43.318
3,1995,44.1464,44.7859
1,2003,45.7421,43.1228
1,1995,45.7477,43.3058
1,2004,45.4743,43.1607
1,2004,45.4071,43.1786
1,1999,45.7477,43.3058
1,1996,45.6982,43.318
3,2000,45.7477,43.3058
3,2000,45.7477,43.3058
3,2000,45.6873,42.872
1,1995,45.3988,43.2536
1,1995,45.6982,43.318
1,1996,46.345683,43.41084
3,2000,45.6982,43.318
1,1995,45.201,43.1627
1,1995,45.8724,43.2917
1,1995,45.8724,43.2917
1,1996,45.599594,43.087184
1,1995,45.8855,43.5028
1,1995,45.6982,43.318
1,1996,45.8724,43.2917
1,1995,45.6982,43.318
1,1995,45.468,43.0975
1,1996,45.6982,43.318
1,2000,46.1949,43.221
1,1996,46.3769,43.0964
1,1996,45.6982,43.318
1,1995,45.5406,43.1276
1,1996,45.6982,43.318
1,1996,45.8263,43.2953
1,1995,45.6982,43.318
1,1995,45.7477,43.3058
1,2003,46.1134,42.9595
1,2004,45.6982,43.318
1,2004,45.6275,42.7686
1,1999,46.403923,43.239643
3,2002,45.7874,43.2001
1,1995,45.6982,43.318
1,1996,45.6982,43.318
1,1999,45.189887,43.122582
1,2003,45.5406,43.1276
1,1999,45.7477,43.3058
1,1999,46.1762,42.7073
1,1999,45.7477,43.3058
1,1996,46.7233,43.8485
1,1996,47.6269,42.8496
1,1996,45.6982,43.318
1,1996,47.6269,42.8496
1,1996,47.6269,42.8496
1,1996,47.6269,42.8496
1,1996,45.6982,43.318
1,1996,45.6982,43.318
1,1996,45.6982,43.318
1,2000,46.1134,42.9595
1,1996,45.6982,43.318
1,1999,46.5225,43.1636
1,1996,46.249,43.2223
1,2001,45.7477,43.3058
1,2000,45.603889,43.060278
1,1996,45.6982,43.318
1,1996,45.6982,43.318
1,2000,46.3603,42.0236
1,1996,45.6982,43.318
1,1996,45.6982,43.318
1,1996,45.164,43.315
1,1996,45.6982,43.318
1,2000,45.7477,43.3058
1,2003,45.5406,43.1276
1,2000,45.7477,43.3058
1,2000,46.1377,42.9059
1,1996,45.6982,43.318
1,1996,45.164,43.315
1,2000,45.5446,42.9106
1,1999,45.6982,43.318
1,2000,45.5406,43.1276
1,2000,45.6982,43.318
1,2003,45.8724,43.2917
1,2000,45.7477,43.3058
1,2000,45.9901,43.1117
1,2000,45.8724,43.2917
1,2000,45.7477,43.3058
1,2000,45.6982,43.318
1,1996,45.6982,43.318
1,2000,45.7477,43.3058
1,2000,46.252382,43.263623
1,2000,45.7477,43.3058
1,1996,45.6982,43.318
1,1996,45.6982,43.318
1,2001,45.5446,42.9106
1,1996,46.2444,43.1253
1,2000,45.7127,42.9759
1,1996,45.3014,43.2911
1,1996,45.6982,43.318
1,1996,45.6982,43.318
1,1996,45.3659,43.1683
3,2001,45.8724,43.2917
1,2000,46.3603,42.0236
1,1996,45.6982,43.318
1,2003,45.6982,43.318
1,1996,45.6982,43.318
1,2000,46.1905,42.9475
1,1996,45.6982,43.318
1,2000,46.3603,42.0236
1,1996,45.6982,43.318
1,1996,45.4065,43.0961
1,1996,45.901,43.1488
1,2000,45.6982,43.318
1,1996,46.3338,43.5043
1,1996,46.1035,43.3519
1,1996,45.6982,43.318
1,1996,45.5566,43.0606
1,2001,45.7477,43.3058
1,2000,46.0879,43.202
1,2004,44.8203,43.4052
1,2000,45.6982,43.318
1,2001,45.8724,43.2917
1,1996,45.6982,43.318
1,2001,46.3603,42.0236
1,2000,45.7477,43.3058
1,2004,43.8396,43.468
1,1996,45.8724,43.2917
1,2001,45.7477,43.3058
1,1996,45.6982,43.318
1,2001,45.7477,43.3058
1,1996,45.6982,43.318
1,1996,45.5406,43.1276
1,2001,45.7477,43.3058
1,2001,46.0847,43.6685
1,2001,45.6982,43.318
1,2001,45.7477,43.3058
1,1996,45.6982,43.318
1,1996,45.6982,43.318
1,2001,46.3603,42.0236
1,1996,46.1134,42.9595
1,2001,45.6982,43.318
1,1996,45.6982,43.318
1,2004,45.2623,43.0318
1,1996,45.901,43.1488
1,1996,45.6982,43.318
1,2001,45.189887,43.122582
1,2001,45.7477,43.3058
1,2001,45.7477,43.3058
1,1996,45.6982,43.318
1,1996,45.6982,43.318
1,1996,45.6982,43.318
1,2001,45.901,43.1488
1,1996,45.6982,43.318
1,2003,45.5406,43.1276
1,1996,45.6982,43.318
1,1996,45.6982,43.318
1,1996,45.6982,43.318
1,1999,47.6269,42.8496
1,2000,45.6982,43.318
1,1996,45.6982,43.318
1,2004,45.9786,42.1888
1,1999,45.6982,43.318
1,2004,41.97,45.04
1,2004,46.15,43.1859
1,1996,45.6982,43.318
1,1996,45.6982,43.318
1,1996,45.6982,43.318
1,1996,45.6982,43.318
1,2003,45.6982,43.318
1,2004,46.3603,43.0236
1,1996,45.6982,43.318
1,2004,45.2623,43.0318
1,2004,46.1475,42.9972
1,1996,45.6982,43.318
1,2004,45.8938,43.177
1,2004,45.756,42.8625
1,1999,46.0174,42.9705
1,2000,45.6982,43.318
1,1996,45.6982,43.318
1,2001,45.6982,43.318
1,2004,45.8938,43.177
1,2003,45.6982,43.318
1,2004,46.3603,43.0236
1,2004,46.0671,42.9526
1,2004,46.2423,42.9682
1,1996,45.6982,43.318
1,2003,45.6982,43.318
1,1999,45.7477,43.3058
1,1996,45.6982,43.318
1,1996,45.6982,43.318
1,1996,45.6982,43.318
1,2001,45.6982,43.318
1,2004,45.6982,43.318
1,1996,47.6269,42.8496
1,2000,45.7477,43.3058
1,2000,45.6982,43.318
1,2000,45.6982,43.318
1,2001,46.1134,42.9595
1,1995,45.7477,43.3058
1,1995,45.7477,43.3058
1,2000,45.6982,43.318
1,2000,46.3338,43.5043
1,2000,45.936,42.9797
1,1999,45.6998,43.3847
1,1999,47.6269,42.8496
3,2001,45.7477,43.3058
1,2000,45.8724,43.2917
3,2003,37.6173,55.7558
1,1999,47.6269,42.8496
3,2003,45.4501,42.7077
1,2000,45.7477,43.3058
1,2001,45.6982,43.318
1,2001,46.1035,43.3519
1,1994,44.8203,43.4052
1,1994,45.7477,43.3058
1,2003,45.7477,43.3058
1,2004,45.6982,43.318
1,2001,45.7477,43.3058
1,1995,45.7477,43.3058
1,1995,45.7477,43.3058
1,1996,47.6269,42.8496
1,1995,45.7477,43.3058
3,2003,37.6173,55.7558
1,1996,44.8203,43.4052
1,1996,45.7477,43.3058
1,1996,45.7477,43.3058
1,1996,45.7477,43.3058
1,1996,45.7477,43.3058
1,1996,45.7477,43.3058
1,1999,47.6269,42.8496
1,1996,45.7477,43.3058
1,1996,45.7477,43.3058
1,2000,45.7477,43.3058
1,1999,47.6269,42.8496
1,2000,45.7477,43.3058
1,1999,45.7477,43.3058
1,1999,45.7477,43.3058
1,1999,45.7477,43.3058
1,1999,45.7477,43.3058
1,2000,45.7477,43.3058
1,2000,45.7477,43.3058
1,2000,45.7477,43.3058
1,2000,45.7477,43.3058
1,2000,45.7477,43.3058
1,2000,45.7477,43.3058
1,2000,45.7477,43.3058
1,2000,45.7477,43.3058
1,2000,45.7477,43.3058
1,2000,45.7477,43.3058
1,2000,44.8203,43.4052
1,2000,45.7477,43.3058
1,2000,45.7477,43.3058
1,2000,45.7477,43.3058
1,2000,45.7477,43.3058
1,2000,45.7477,43.3058
1,2000,45.7477,43.3058
1,2000,45.7477,43.3058
1,2000,45.7477,43.3058
1,2000,45.7477,43.3058
1,2000,45.7477,43.3058
1,2000,45.7477,43.3058
1,2000,47.6269,42.8496
1,2000,47.6269,42.8496
1,2000,45.7477,43.3058
1,2000,44.8203,43.4052
1,2003,45.6982,43.318
1,2000,45.7477,43.3058
1,2001,45.7477,43.3058
1,2001,45.7477,43.3058
1,2001,45.7477,43.3058
1,2001,45.7477,43.3058
1,2003,45.7477,43.3058
1,2001,45.7477,43.3058
1,2001,45.7477,43.3058
1,2001,45.7477,43.3058
1,2001,45.7477,43.3058
1,2001,45.7477,43.3058
1,2001,45.7477,43.3058
1,2003,45.7477,43.3058
1,2004,45.7477,43.3058
1,2004,45.7477,43.3058
1,2004,45.7477,43.3058
1,2004,45.7477,43.3058
1,2004,44.8203,43.4052
3,1999,45.7477,43.3058
1,2001,45.6982,43.318
1,2004,45.7477,43.3058
3,1995,44.8203,43.4052
3,2001,45.7477,43.3058
3,2002,45.7477,43.3058
1,2004,46.15,43.1859
1,1999,46.453,43.0521
1,1999,45.3874,43.2274
1,1999,45.6982,43.318
1,1999,45.9901,43.1117
1,1999,45.6982,43.318
1,1999,45.6982,43.318
1,2001,45.6982,43.318
1,1999,45.8724,43.2917
1,2000,45.6982,43.318
1,1999,45.6982,43.318
1,1999,45.6982,43.318
1,1999,45.6982,43.318
1,1999,47.6269,42.8496
1,2000,45.901,43.1488
1,2000,45.6982,43.318
1,2000,45.6982,43.318
1,2000,45.6982,43.318
1,2000,45.6982,43.318
1,2000,45.3659,43.1683
1,2000,45.6982,43.318
1,2000,45.6982,43.318
1,2000,45.8724,43.2917
1,2000,45.9901,43.1117
1,2000,46.1949,43.221
1,2000,45.9901,43.1117
1,2000,46.1949,43.221
1,2000,45.9901,43.1117
1,2000,46.1949,43.221
1,2000,46.2832,43.0579
1,2000,45.6982,43.318
1,2000,45.8724,43.2917
1,2000,46.1949,43.221
1,2000,45.6982,43.318
1,2000,45.6982,43.318
1,2000,45.5406,43.1276
1,2000,46.3338,43.5043
1,2000,45.9901,43.1117
1,2000,45.7874,43.2001
1,2000,45.7421,43.1228
1,2000,45.4743,43.1607
1,2003,45.8724,43.2917
1,2000,46.1905,42.9475
1,2001,45.6982,43.318
1,2000,45.6982,43.318
1,2000,45.6982,43.318
1,2000,45.6982,43.318
1,2000,45.6982,43.318
1,2000,45.5406,43.1276
1,2000,45.6982,43.318
1,2000,45.6982,43.318
1,2000,45.6982,43.318
1,2000,45.5406,43.1276
3,2002,45.7874,43.2001
1,2001,45.6982,43.318
1,2001,45.6982,43.318
1,2001,46.1035,43.3519
1,2003,46.1134,42.9595
1,2001,45.6982,43.318
1,2001,45.6982,43.318
1,2001,44.7646,43.2257
1,2001,45.6982,43.318
1,2001,45.4071,43.1786
1,2001,46.1035,43.3519
1,2001,45.6982,43.318
1,2001,45.6982,43.318
1,2001,45.6982,43.318
1,2001,46.1035,43.3519
1,2001,45.6982,43.318
1,2001,45.6982,43.318
1,2001,45.6982,43.318
1,2001,45.8194,42.8134
1,2001,45.5638,43.2286
1,2004,45.5406,43.1276
1,2004,45.6982,43.318
1,2001,45.6982,43.318
1,2001,45.6982,43.318
1,2001,46.1905,42.9475
1,2001,45.7421,43.1228
1,2001,45.6982,43.318
1,2001,46.1134,42.9595
1,2001,45.6982,43.318
1,2003,45.5757,42.7364
1,2003,46.1035,43.3519
1,2003,45.7625,43.2524
1,2001,45.4384,43.4015
1,2001,45.901,43.1488
1,2001,46.1134,42.9595
1,2001,45.6982,43.318
1,2001,45.9202,43.1871
1,2001,45.8724,43.2917
1,2004,45.6982,43.318
1,2001,45.8724,43.2917
1,2001,45.7363,43.2286
1,2004,44.8279,43.1911
1,2004,43.6903,42.5314
1,2004,45.6982,43.318
1,2004,45.7415,43.123
1,2004,45.6982,43.318
1,2004,46.2837,43.2153
1,2004,45.6982,43.318
1,2004,45.6982,43.318
1,2004,45.901,43.1488
1,2004,45.6982,43.318
1,2004,45.6982,43.318
1,2004,45.0477,43.3204
1,2004,44.7646,43.2257
1,2004,46.0553,43.0211
1,2004,45.6982,43.318
1,2004,45.3014,43.2911
1,2004,46.0078,43.1618
1,2004,45.3014,43.2911
1,2004,46.1035,43.3519
1,2004,44.5338,43.1938
1,2004,45.7625,43.2524
1,2004,46.453,43.0521
1,2004,44.5338,43.1938
1,2004,45.6213,43.1609
1,2004,45.6982,43.318
1,2004,44.7646,43.2257
1,2004,46.0078,43.1618
1,2004,44.904,43.1857
1,2004,47.5046,42.9849
3,1995,45.3014,43.2911
3,1995,45.9901,43.1117
3,2000,45.6982,43.318
3,2000,45.6982,43.318
3,2002,45.8724,43.2917
3,2002,45.7421,43.1228
3,2002,45.6982,43.318
3,2002,46.1818,42.9816
3,2002,45.5348,43.2624
3,2002,45.5348,43.2624
1,1993,37.6173,55.7558
1,2004,37.6173,55.7558
3,2004,37.6173,55.7558
1,1991,46.4486,40.4433
1,1991,46.436849,40.41495
1,2015,46.754572,43.470092
1,2015,46.883333,43.2
1,2015,46.9169,43.2684
1,2015,43.6071,43.4846
1,2015,43.6071,43.4846
1,2015,47.1164,42.8214
1,2015,46.8729,43.2038
3,2007,45.7477,43.3058
1,2015,44.7646,43.2275
1,2015,45.6982,43.318
1,2015,43.6071,43.4846
1,2015,45.1003,43.0309
1,2015,43.6071,43.4846
1,2015,46.8412,42.7583
1,2002,45.4801,43.1217
1,2002,45.7477,43.3058
1,2002,45.3874,43.2274
1,2002,45.6982,43.318
1,2002,45.7477,43.3058
1,2002,45.6982,43.318
1,2002,45.6982,43.318
1,2002,45.6982,43.318
1,2002,45.6982,43.318
1,2002,46.334,43.5072
1,2002,45.4801,43.1217
1,2013,46.883333,43.1
1,2013,46.883333,43.1
1,2013,44.966667,43.2
1,2013,46.883333,43.1
1,2002,45.6982,43.318
1,2013,46.883333,43.1
1,2008,46.2563,43.3513
1,2008,45.0477,43.3204
3,2007,44.5902,43.5096
3,2012,49.0661,55.8304
1,2009,46.0519,42.9638
3,2005,46.5906,43.8138
3,2005,45.6982,43.318
1,2005,45.6982,43.318
1,2006,45.8935,43.0203
1,2006,45.7477,43.3058
1,2006,46.3603,43.0236
1,2006,45.7477,43.3058
1,2006,47.5046,42.9849
3,2007,44.7646,43.2275
1,2007,45.8263,43.2953
3,2007,45.0477,43.3204
1,2007,45.7477,43.3058
3,2007,47.2582,42.6185
3,2007,47.565,42.5648
3,2008,44.7646,43.2275
3,2008,44.7646,43.2275
3,2008,45.8935,43.0203
1,2009,44.7646,43.2275
1,2009,45.6982,43.318
1,2009,46.1959,43.134
1,2009,45.6982,43.318
1,2009,44.9094,43.3056
1,2009,47.6269,42.8496
3,2000,45.5406,43.1276
1,2009,45.6213,43.1609
1,2009,47.2236,42.6351
1,2009,43.6071,43.4846
1,2010,44.8279,43.1911
1,2010,44.7646,43.2275
1,2012,45.6982,43.318
1,2010,43.6071,43.4846
1,2010,43.944,43.6621
1,2011,47.5046,42.9849
1,2011,47.5046,42.9849
1,2012,46.9175,44.1084
3,2012,47.5046,42.9849
1,2012,47.6269,42.8496
1,2012,43.535,43.6819
3,2012,47.2582,42.6185
1,2012,43.6071,43.4846
1,2012,47.7517,42.4078
1,2012,44.8279,43.1911
1,2012,47.5046,42.9849
3,2012,46.9778,42.962
1,2012,45.0492,43.2382
1,2012,47.5046,42.9849
3,2012,47.1774,42.4166
1,2012,43.9009,43.7155
3,2012,44.6819,43.0206
1,2008,43.535,43.6819
3,2007,43.0661,44.0412
1,2007,45.7361,42.836
3,1989,46.75318,39.81744
3,1989,48.497222,39.208889
2,1990,45.0,40.25
2,1990,45.3656,41.0925
1,1996,45.7477,43.3058
3,2004,45.7477,43.3058
3,2001,45.7477,43.3058
3,2002,45.6982,43.318
3,2002,45.7477,43.3058
3,2000,44.6819,43.0206
3,2000,45.6982,43.318
3,2001,45.6873,42.872
1,2004,46.2444,43.1253
3,1992,37.6173,55.7558
1,2001,45.7477,43.3058
1,1998,46.7233,43.8485
3,2001,45.8724,43.2917
3,2001,46.2837,43.2153
3,1996,46.7233,43.8485
3,1996,45.2864,43.1872
3,1997,43.0661,44.0412
1,2003,45.6982,43.318
1,1995,44.1464,44.7859
3,2001,45.6982,43.318
3,2001,45.6982,43.318
3,2001,45.6982,43.318
3,2001,45.6982,43.318
1,2003,46.1268,42.956
3,2003,42.8589,44.0445
1,2004,46.131,43.2038
1,1995,45.7874,43.2001
3,1999,45.7477,43.3058
1,2004,45.6982,43.318
3,2002,45.9085,43.2503
3,1995,46.1134,42.9595
3,1995,44.1536,44.7925
3,1994,45.7477,43.3058
3,1994,45.7477,43.3058
1,1996,45.7477,43.3058
1,1999,45.6982,43.318
1,1996,45.6982,43.318
1,1996,45.6982,43.318
1,2001,45.7477,43.3058
1,2004,45.6982,43.318
1,1996,45.6982,43.318
1,2004,44.7646,43.2257
1,1996,45.6982,43.318
1,1997,47.6434,43.9611
1,1997,46.7233,43.8485
1,1998,47.5046,42.9849
1,1999,46.1762,42.7073
1,2003,46.1268,42.956
3,2004,46.252382,43.263623
3,2004,45.7477,43.3058
3,2004,45.7477,43.3058
1,1995,47.6269,42.8496
1,1997,44.8203,43.4052
1,1997,45.7477,43.3058
1,1999,45.7477,43.3058
3,1995,45.7477,43.3058
3,1995,45.7477,43.3058
1,1999,45.6982,43.318
1,1999,45.6982,43.318
1,2000,45.8724,43.2917
1,2000,45.6982,43.318
1,2003,46.1134,42.9595
3,2002,45.164,43.315
3,2000,45.7293,43.0397
1,2004,46.0078,43.1618
3,1995,45.3014,43.2911
3,1995,45.3014,43.2911
1,2005,47.8711,42.5651
1,2012,47.6367,42.8916
1,2010,47.5046,42.9849
1,2010,47.5046,42.9849
1,2011,44.7646,43.2275
1,2011,45.901,43.1488
1,2011,45.6982,43.318
1,2011,47.8711,42.5651
1,2011,47.5046,42.9849
1,2011,43.9009,43.7155
1,2011,46.6895,43.208
1,2011,43.3969,43.6468
1,1990,45.09,41.26
1,2003,47.6269,42.8496
1,1995,46.3597,43.1596
1,1994,45.6982,43.318
1,2003,45.7477,43.3058
1,1995,45.6982,43.318
1,1995,45.7477,43.3058
1,2001,45.7293,43.0397
1,1995,45.7477,43.3058
1,1995,45.7477,43.3058
1,1995,45.7477,43.3058
1,1995,45.7477,43.3058
1,1996,45.7477,43.3058
1,1996,45.7477,43.3058
1,2002,45.7757,43.1336
1,2002,45.7293,43.0397
1,2002,46.0847,43.6685
1,2002,46.0553,43.0211
1,2002,45.6982,43.318
1,2002,45.7477,43.3058
1,2002,45.7477,43.3058
1,2002,45.7477,43.3058
1,2002,46.3603,42.0236
1,2002,45.2864,43.1872
1,2002,45.8724,43.2917
1,2002,46.249,43.2223
1,2002,46.269561,43.096145
1,2002,45.6982,43.318
1,2002,45.7477,43.3058
1,2015,43.6071,43.4846
1,2002,45.7477,43.3058
1,2002,45.6982,43.318
1,2002,45.9085,43.2503
1,2002,45.6982,43.318
2,1994,45.5406,43.1276
3,2004,45.125,43.6777
1,2003,45.8941,42.2882
3,2001,45.8724,43.2917
1,2002,45.6982,43.318
1,2015,46.7297,43.2678
1,2002,45.5406,43.1276
1,2002,45.6982,43.318
1,2002,45.6982,43.318
1,2002,45.901,43.1488
1,2002,45.716667,43.4
1,2002,46.249,43.2223
1,2002,46.1035,43.3519
1,2002,46.0671,42.9526
1,2002,45.2623,43.0318
1,2002,45.7477,43.3058
1,2002,45.2864,43.1872
1,2002,45.358553,43.095171
1,2002,45.6982,43.318
1,2002,45.6982,43.318
1,2002,45.9901,43.1117
1,2002,45.4801,43.1217
1,2002,45.6982,43.318
1,2002,45.164,43.315
1,2014,45.6982,43.318
1,2002,46.4329,43.8403
3,2004,45.4743,43.1607
1,1994,45.6982,43.318
3,2000,45.6982,43.318
1,2002,45.7477,43.3058
1,2002,46.0671,42.9526
1,2002,45.7477,43.3058
1,2002,45.6982,43.318
1,2002,45.7477,43.3058
1,2002,46.0553,43.0211
1,2002,46.0708,43.1194
1,2002,45.5446,42.9106
1,2002,45.770809,43.296892
1,2002,45.7293,43.0397
1,2002,45.7477,43.3058
1,2002,45.7477,43.3058
1,2002,45.8724,43.2917
1,2002,45.7477,43.3058
1,2015,46.8412,42.7583
1,2015,44.7646,43.2275
1,2002,46.249,43.2223
1,2015,44.8414,43.2602
3,2015,47.2582,42.6185
1,2002,46.3603,42.0236
1,2002,45.893482,43.020253
1,2002,45.893482,43.020253
1,2002,45.7477,43.3058
1,2002,45.4501,42.7077
1,2015,43.6071,43.4846
1,2002,45.201,43.1627
1,2002,45.7477,43.3058
1,2015,43.6071,43.4846
1,2002,45.4501,42.7077
1,2002,45.6873,42.872
1,2002,46.0019,43.2425
1,2002,45.716667,43.4
1,2013,46.883333,43.1
1,2013,43.4,43.583333
1,2013,43.4,43.583333
1,2013,46.883333,43.1
1,2013,44.966667,43.2
1,2013,45.716667,43.4
1,2013,43.4,43.583333
1,2013,43.4,43.583333
1,2013,43.4,43.583333
1,2013,44.966667,43.2
1,2013,46.883333,43.1
1,2013,46.883333,43.1
1,2013,46.883333,43.1
1,2013,46.883333,43.1
1,2013,46.883333,43.1
1,2013,44.966667,43.2
1,2013,46.883333,43.1
1,2013,46.883333,43.1
1,2013,46.883333,43.1
1,2013,46.883333,43.1
1,2013,46.883333,43.1
1,2013,43.4,43.583333
1,2013,46.883333,43.1
1,2013,41.97,45.04
1,2013,46.883333,43.1
1,2013,45.716667,43.4
1,2013,45.716667,43.4
1,2013,43.4,43.583333
1,2013,46.883333,43.1
1,2013,43.4,43.583333
1,2013,46.883333,43.1
1,2013,46.883333,43.1
1,2013,46.883333,43.1
1,2013,46.883333,43.1
1,2013,46.883333,43.1
1,2013,46.883333,43.1
1,2013,46.883333,43.1
1,2013,43.2,44.0
3,2013,44.516667,48.7
1,2013,46.883333,43.1
1,2013,43.4,43.583333
1,2002,45.7477,43.3058
1,2002,45.6982,43.318
1,2002,46.1134,42.9595
1,2002,45.6982,43.318
1,2002,45.936,42.9797
1,2002,46.0671,42.9526
1,2002,45.6982,43.318
1,2002,45.365919,43.168332
1,2002,45.7477,43.3058
1,2015,45.6982,43.318
1,2015,46.8412,42.7583
1,2002,46.1134,42.9595
1,2002,46.1035,43.3519
1,2002,45.7435,43.087
1,2002,37.6173,55.7558
1,2002,45.6982,43.318
1,2002,45.6982,43.318
1,2002,46.004114,43.163165
1,2002,46.1134,42.9595
1,2002,45.358553,43.095171
1,2002,45.69075,43.287124
1,2002,45.164,43.315
1,2002,45.365919,43.168332
1,2002,45.4071,43.1786
1,2002,45.2623,43.0318
1,2002,46.269561,43.096145
1,2007,48.1939,42.1152
1,2007,44.9866,44.7545
1,2012,36.2976,55.5498
1,2014,47.5046,42.9849
1,2014,46.8597,43.3036
1,2014,46.6467,43.2313
1,2007,45.468,43.0975
1,2007,46.6372,43.0708
1,2007,46.6442,43.3543
1,2007,47.1164,42.8214
1,2011,46.1,42.533333
1,2014,47.168206,43.647822
1,2007,46.6442,43.3543
1,2007,46.6442,43.3543
1,2007,47.1164,42.8214
1,2007,44.8106,43.2613
1,2008,45.0492,43.2382
1,2008,48.0284,41.9242
1,2012,43.6071,43.4846
1,2008,46.3603,43.0236
1,2008,45.2623,43.0318
1,2014,47.8711,42.5651
1,2013,46.715556,42.787222
1,2014,48.2908,42.059
1,2014,45.716667,43.4
1,2014,47.5046,42.9849
1,2014,46.5851,43.2505
1,2014,46.5851,43.2505
1,2014,47.717372,42.595681
1,2014,46.071808,43.038462
1,2008,47.5046,42.9849
1,2008,45.6982,43.318
1,2014,45.47469,43.16365
1,2014,48.2908,42.059
1,2014,47.5046,42.9849
1,2008,44.7646,43.2275
1,2008,46.5659,43.0713
1,2008,47.6269,42.8496
1,2008,48.2908,42.059
1,2014,46.5851,43.2505
1,2008,44.7646,43.2275
1,2014,39.933333,48.333333
1,2008,39.1226,44.1223
1,2014,43.427777,43.559424
1,2008,44.6819,43.0206
1,2008,44.9893,43.3061
1,2008,45.468,43.0975
1,2008,45.6982,43.318
1,2008,48.2908,42.059
1,2008,47.5046,42.9849
1,2014,47.5046,42.9849
1,2008,44.7646,43.2275
1,2008,47.565,42.5648
1,2014,47.5046,42.9849
1,2014,46.883333,43.1
1,2014,43.4,43.583333
1,2008,45.3094,43.6499
1,2008,44.8414,43.2602
1,2008,45.4501,42.7077
1,2008,44.7646,43.2275
1,2014,45.132295,43.276105
1,2008,44.5902,43.5096
1,2008,44.8203,43.4052
